season,TEAM,CONF,G,W,ADJOE,ADJDE,BARTHAG,EFG_O,EFG_D,TOR,TORD,ORB,DRB,FTR,FTRD,2P_O,2P_D,3P_O,3P_D,3PR,3PRD,ADJ_T,WAB,POSTSEASON,SEED,free_throw_pct,three_point_pct,roster_experience_years
2026,Duke,ACC,34,32,128.18096340890312,90.85511948191392,0.9812573728458752,,,,,,,,,,,,,,,65.7808580241837,13.68177562090797,,,,,
2026,Michigan,B10,34,31,127.67321710357317,91.11308554331087,0.9797627326606476,,,,,,,,,,,,,,,71.1953252749563,14.001055779800032,,,,,
2026,Arizona,B12,34,32,126.95885655846244,91.46104080932024,0.9774987175654736,,,,,,,,,,,,,,,70.00684890499278,13.673083986317325,,,,,
2026,Florida,SEC,33,26,126.1218106126031,92.34525839828676,0.9730042508785008,,,,,,,,,,,,,,,70.37763153015997,8.537974037723199,,,,,
2026,Houston,B12,34,28,125.370557147894,92.4565613292482,0.9707489138970392,,,,,,,,,,,,,,,63.304125723206255,9.008580960319788,,,,,
2026,Illinois,B10,32,24,131.9749038940807,98.28838691372997,0.967362705406512,,,,,,,,,,,,,,,65.69741165316978,6.566785772282709,,,,,
2026,Iowa St.,B12,34,27,123.79419976675212,92.69512428366866,0.965343653283036,,,,,,,,,,,,,,,66.9406864963133,7.400387111474177,,,,,
2026,Purdue,B10,35,27,133.33712193622438,100.32984835863974,0.9634133967227768,,,,,,,,,,,,,,,64.4159656240728,9.194344015185264,,,,,
2026,Connecticut,BE,34,29,123.11439907951586,95.0662830095996,0.9513488686710586,,,,,,,,,,,,,,,64.56193542245816,8.839020292446286,,,,,
2026,Vanderbilt,SEC,34,26,127.50808804041884,99.42761521693596,0.9458652545077256,,,,,,,,,,,,,,,68.96180884107842,7.312332202505789,,,,,
2026,Gonzaga,WCC,33,30,120.34801155563312,94.07757786601172,0.9443849956964598,,,,,,,,,,,,,,,68.91184400124617,7.381644100152567,,,,,
2026,Texas Tech,B12,32,22,126.35018441556952,98.89234626525472,0.9436297657046808,,,,,,,,,,,,,,,66.37816168038943,5.068311114209831,,,,,
2026,Michigan St.,B10,32,25,122.94566977829166,96.25884823162885,0.9434313670366974,,,,,,,,,,,,,,,65.9607024510536,7.450331522458836,,,,,
2026,Virginia,ACC,34,29,122.29427426093255,95.91332572713392,0.9423687080525688,,,,,,,,,,,,,,,65.55693180951614,7.771934470008883,,,,,
2026,St. John's,BE,34,28,119.82324397565291,94.1679349561065,0.9410766161997502,,,,,,,,,,,,,,,69.58315239965924,7.260826838432174,,,,,
2026,Tennessee,SEC,33,22,121.52590804605995,95.58634879514224,0.9405383463501183,,,,,,,,,,,,,,,65.20335218320058,4.126221426652757,,,,,
2026,Louisville,ACC,33,23,124.06731815940562,98.23727494404724,0.9361084180616246,,,,,,,,,,,,,,,69.69174234368407,4.008819085608065,,,,,
2026,Alabama,SEC,32,23,129.55909388114625,102.8815073704152,0.9340991141009136,,,,,,,,,,,,,,,73.03688997793043,6.559034137466372,,,,,
2026,Arkansas,SEC,34,26,127.97418195216753,101.71440162711708,0.933459440767636,,,,,,,,,,,,,,,70.95381378141869,7.550669939790267,,,,,
2026,Nebraska,B10,32,26,117.24394996589726,93.56486798966642,0.9305016674909972,,,,,,,,,,,,,,,66.80015015342497,7.463941557428507,,,,,
2026,Wisconsin,B10,34,24,127.20931609402804,101.72021813829885,0.9290040149294482,,,,,,,,,,,,,,,68.67332390657708,5.381146397836784,,,,,
2026,Kansas,B12,33,23,117.84975044467836,94.4320254136734,0.9274119672048852,,,,,,,,,,,,,,,67.58908123701885,6.275551542471582,,,,,
2026,Ohio St.,B10,33,21,125.2388956493505,101.66288585897958,0.9167089528453252,,,,,,,,,,,,,,,66.14028597385483,2.8962207700428717,,,,,
2026,Saint Mary's,WCC,32,27,119.42084626682586,97.6179415422616,0.9103824364326066,,,,,,,,,,,,,,,65.27326330061229,4.0284864861721195,,,,,
2026,UCLA,B10,34,23,124.58473452486078,101.85710406544032,0.9102159644721944,,,,,,,,,,,,,,,64.66620045906534,3.6211076571918257,,,,,
2026,Iowa,B10,33,21,122.15792089570895,100.27978960477112,0.9063219217140168,,,,,,,,,,,,,,,63.00637247873056,1.9532111944871688,,,,,
2026,North Carolina,ACC,32,24,121.44507362021352,100.07453054964432,0.9025415939028087,,,,,,,,,,,,,,,67.96563918724229,4.930094022523088,,,,,
2026,Santa Clara,WCC,34,26,125.04328408223158,103.8121816249717,0.8947194241244961,,,,,,,,,,,,,,,69.23784413300137,2.1568074142611895,,,,,
2026,Utah St.,MWC,34,28,123.07549387333223,102.18073139824882,0.8946957927539712,,,,,,,,,,,,,,,67.52396087705745,3.9950580420956783,,,,,
2026,Clemson,ACC,34,24,116.601659801037,97.07610839484876,0.8916381671365314,,,,,,,,,,,,,,,64.25230503643616,3.1870998895808045,,,,,
2026,Kentucky,SEC,34,21,119.94779823415315,100.04798050171487,0.8895524487849209,,,,,,,,,,,,,,,68.29813895563237,3.3023097923604814,,,,,
2026,Cincinnati,B12,33,18,112.34784238334608,93.76254507719004,0.8889040172707678,,,,,,,,,,,,,,,67.63012532595965,-1.9870140684036903,,,,,
2026,BYU,B12,34,23,124.78237981991224,104.39099318289074,0.8861415186202998,,,,,,,,,,,,,,,69.75863882516131,4.555504080912722,,,,,
2026,Indiana,B10,32,18,121.94204590103374,102.14662548088307,0.8846346865133672,,,,,,,,,,,,,,,66.1782967863683,-0.3999362311370105,,,,,
2026,Miami FL,ACC,33,25,121.12848533922534,101.51684322763056,0.8840353699513287,,,,,,,,,,,,,,,67.90855098135181,3.8606632455804144,,,,,
2026,Villanova,BE,32,24,119.61895116725525,100.62356760560752,0.8795986526092349,,,,,,,,,,,,,,,64.92576730511765,3.9398267262021145,,,,,
2026,Georgia,SEC,32,22,124.38619913378358,104.83069531983828,0.8772899213116802,,,,,,,,,,,,,,,72.00472341559151,2.6116389945598257,,,,,
2026,N.C. State,ACC,33,20,124.12068086342664,104.7337252707032,0.8757822241685654,,,,,,,,,,,,,,,69.069955690581,0.3588264109217825,,,,,
2026,Oklahoma,SEC,34,19,125.23342668101076,105.9303850468712,0.8727025910264616,,,,,,,,,,,,,,,66.12780427497911,-0.4659839329020726,,,,,
2026,Texas A&M,SEC,32,21,119.89583078454434,101.50005741778016,0.8716341211785941,,,,,,,,,,,,,,,70.99514273349833,1.6060240410460107,,,,,
2026,Auburn,SEC,33,17,124.20984040729944,105.91190491137584,0.8620823984651823,,,,,,,,,,,,,,,67.33088724994312,0.1926773909947858,,,,,
2026,SMU,ACC,33,20,123.04885619387125,105.05885418941143,0.8602897816514502,,,,,,,,,,,,,,,68.6008816328654,-0.0090516266803212,,,,,
2026,Saint Louis,A10,33,28,119.50037219430736,102.3682820878686,0.855639996102862,,,,,,,,,,,,,,,70.99286414358816,1.835929032043947,,,,,
2026,San Diego St.,MWC,33,22,112.26307074015747,96.23809566599502,0.8546101079796307,,,,,,,,,,,,,,,68.56705246946105,-0.0857810831059022,,,,,
2026,Texas,SEC,32,18,124.06128631388316,106.46797610280134,0.8530482214981288,,,,,,,,,,,,,,,67.07749787194963,-0.2012929213432147,,,,,
2026,Missouri,SEC,32,20,119.96945843737596,103.0911018880855,0.8511535526951584,,,,,,,,,,,,,,,66.35798813230207,1.1735696475338802,,,,,
2026,Baylor,B12,32,16,123.4421074085684,106.65107318762676,0.8430914636925785,,,,,,,,,,,,,,,67.81496503342966,-2.1731744829702953,,,,,
2026,VCU,A10,34,27,119.25505264951482,103.16346491165343,0.841164999628156,,,,,,,,,,,,,,,68.65843630362023,1.667143521948032,,,,,
2026,TCU,B12,33,22,114.88930438358912,99.71032984289918,0.8361076898430598,,,,,,,,,,,,,,,67.55796447937159,2.384048291325374,,,,,
2026,South Florida,Amer,33,25,116.8586150102208,101.44580374367152,0.8356979787926656,,,,,,,,,,,,,,,71.35925608541727,-0.2195469204927748,,,,,
2026,Florida St.,ACC,33,18,119.47492178358893,104.02422876739496,0.8309746326837232,,,,,,,,,,,,,,,70.58726826551862,-1.7596477010676137,,,,,
2026,Washington,B10,33,16,116.7996559712866,102.28846788356404,0.8213655392166823,,,,,,,,,,,,,,,67.03530359119219,-2.959653112474524,,,,,
2026,Virginia Tech,ACC,32,19,117.6354803184085,103.19670832418048,0.8184628919531334,,,,,,,,,,,,,,,67.16784909977105,-0.8380845451682624,,,,,
2026,New Mexico,MWC,33,23,116.47363220192996,102.19326922269798,0.8181985123661382,,,,,,,,,,,,,,,69.8086152418881,-0.392603830996629,,,,,
2026,Grand Canyon,MWC,32,20,111.141447429846,97.65036813147744,0.8158106589247585,,,,,,,,,,,,,,,67.97905501238331,-3.1058432036649455,,,,,
2026,Boise St.,MWC,32,20,118.1906349464351,103.90530184865024,0.8147866475734615,,,,,,,,,,,,,,,65.70037205794355,-2.0866905558272437,,,,,
2026,UCF,B12,32,21,120.03259083963611,105.75506139052112,0.8109711149400022,,,,,,,,,,,,,,,69.09548462821849,2.1328262787173724,,,,,
2026,Minnesota,B10,32,15,115.98988520989668,102.2034771888606,0.8107941829034373,,,,,,,,,,,,,,,62.62915650071545,-3.927171281356957,,,,,
2026,Stanford,ACC,32,20,117.10132248126148,103.74351046047988,0.8010478760238777,,,,,,,,,,,,,,,66.97731464837031,-0.8754728950066178,,,,,
2026,Seton Hall,BE,33,21,108.78603573935756,96.40240390924312,0.8005596994044026,,,,,,,,,,,,,,,65.13571830104947,-0.2620115838999889,,,,,
2026,Arizona St.,B12,33,17,115.2479542200966,102.40785875730776,0.7955009104967286,,,,,,,,,,,,,,,69.19297505206397,-0.945476171041194,,,,,
2026,West Virginia,B12,32,18,108.53873407404268,96.66790588279824,0.791170438691602,,,,,,,,,,,,,,,62.4419059486741,-1.8796098330914992,,,,,
2026,Northwestern,B10,34,15,116.47070671312014,103.7937076188817,0.7900449121914153,,,,,,,,,,,,,,,65.08377013754288,-3.65216439134962,,,,,
2026,Mississippi,SEC,35,15,114.09525809940033,101.76121676956828,0.7884576300336186,,,,,,,,,,,,,,,66.05017029578022,-4.442855326749345,,,,,
2026,Tulsa,Amer,33,26,121.08929844580253,108.3459547354462,0.7822432564114935,,,,,,,,,,,,,,,67.73591990282492,-0.9593799370812864,,,,,
2026,USC,B10,32,18,113.1284462204226,101.39859554467178,0.7788269046061618,,,,,,,,,,,,,,,70.7036719920608,-0.8790204600487939,,,,,
2026,Wake Forest,ACC,33,17,117.91576484323129,105.70952438117293,0.7784520637456304,,,,,,,,,,,,,,,68.26997754781881,-2.8511320311058426,,,,,
2026,Northern Iowa,MVC,35,23,109.83895001699288,98.62525959934518,0.7752870599230588,,,,,,,,,,,,,,,62.15893918437646,-5.241358000471683,,,,,
2026,California,ACC,32,21,113.81085052074724,102.2213199269128,0.7747051267683556,,,,,,,,,,,,,,,67.83979889139349,-0.6100222367438107,,,,,
2026,LSU,SEC,32,15,118.8711919960114,106.80750911228986,0.7739307278815061,,,,,,,,,,,,,,,66.5658999664477,-4.328717961361017,,,,,
2026,Akron,MAC,34,29,117.26080038241147,105.44948038973,0.7722286104821042,,,,,,,,,,,,,,,70.29801363180754,-0.1840532401445809,,,,,
2026,Butler,BE,32,16,117.25862854279468,105.66736209842225,0.7679885649122165,,,,,,,,,,,,,,,68.87984788950283,-4.181462720387266,,,,,
2026,McNeese St.,Slnd,33,28,113.21412130653528,102.17744727180836,0.7648676240978093,,,,,,,,,,,,,,,66.11523471523847,0.7247332200877915,,,,,
2026,Providence,BE,33,15,120.88140027555258,109.25069440101564,0.7619489090837533,,,,,,,,,,,,,,,71.30675407040631,-5.096365078569689,,,,,
2026,Oklahoma St.,B12,33,19,118.5822758928098,107.31211475534715,0.7592282460712912,,,,,,,,,,,,,,,72.15703936253306,-0.810336091157289,,,,,
2026,Colorado,B12,32,17,118.05179914362488,106.88295304127058,0.7582255067056641,,,,,,,,,,,,,,,68.58869708796965,-2.6604674137118254,,,,,
2026,Marquette,BE,32,12,111.80078723049124,101.26647164263125,0.7573264181457383,,,,,,,,,,,,,,,69.19962554192576,-7.434850788533663,,,,,
2026,Georgetown,BE,34,16,114.00754846719737,103.37171376935189,0.7551430280142312,,,,,,,,,,,,,,,66.1896767793822,-4.888315965163529,,,,,
2026,Nevada,MWC,34,22,114.5558666422495,103.90212641119328,0.7544618668025144,,,,,,,,,,,,,,,66.01511652247572,-1.947911956998849,,,,,
2026,Belmont,MVC,32,26,120.17225496042408,109.03310876001288,0.7537396544545654,,,,,,,,,,,,,,,68.94768434331674,-0.5665762905287389,,,,,
2026,Syracuse,ACC,32,15,115.1846118893538,104.75416510322498,0.7486787865040282,,,,,,,,,,,,,,,67.35769844021384,-4.498214963557531,,,,,
2026,Dayton,A10,34,23,110.0627816740759,100.14860198219772,0.7475432452462262,,,,,,,,,,,,,,,66.99424247071545,-1.493916883639336,,,,,
2026,George Washington,A10,33,18,117.34366046771588,107.05072705902192,0.7418769632216287,,,,,,,,,,,,,,,69.30839100534541,-7.717751750672704,,,,,
2026,Wichita St.,Amer,34,23,110.94683816609768,101.56742397718295,0.7341488864305645,,,,,,,,,,,,,,,66.49318982206889,-3.7254720839974937,,,,,
2026,Creighton,BE,32,15,114.92215110475404,105.40511751822564,0.7298976358488346,,,,,,,,,,,,,,,67.33402337922446,-4.018160286752597,,,,,
2026,Utah Valley,WAC,33,25,112.39709355582796,103.650651742885,0.7174073707771471,,,,,,,,,,,,,,,68.6126005534429,-2.6721121257681184,,,,,
2026,Miami OH,MAC,32,31,116.73168385884816,107.64822494772304,0.7174011083389643,,,,,,,,,,,,,,,69.92178943368947,2.4754874482842686,,,,,
2026,Colorado St.,MWC,33,21,118.31818130117652,109.25375970668637,0.7143484793694598,,,,,,,,,,,,,,,62.944881606183166,-2.951459138641275,,,,,
2026,Stephen F. Austin,Slnd,33,28,112.58121678099393,104.10588382268703,0.7109625562654522,,,,,,,,,,,,,,,65.68720540361203,-0.8444407967352457,,,,,
2026,Oregon,B10,32,12,111.82810702314914,103.58981705854156,0.706827369574899,,,,,,,,,,,,,,,65.91270843702982,-6.26302101081482,,,,,
2026,Hofstra,CAA,34,24,113.24763976571892,104.93910015839748,0.7060471226725393,,,,,,,,,,,,,,,64.69276334621152,-4.635525646331196,,,,,
2026,High Point,BSth,34,30,115.75066478978948,107.54902368063728,0.6995496114678575,,,,,,,,,,,,,,,69.86942451241751,-1.4098353292725516,,,,,
2026,Yale,Ivy,31,24,118.3189518005614,110.0938831167846,0.6960546916669078,,,,,,,,,,,,,,,64.70307945323437,-1.4561052309475686,,,,,
2026,Xavier,BE,33,15,117.28563089224446,109.36401365189276,0.6908719916224636,,,,,,,,,,,,,,,70.28997189188269,-4.976516600527247,,,,,
2026,Cal Baptist,WAC,33,25,107.552235998227,100.36014795159002,0.6891035553027265,,,,,,,,,,,,,,,65.90970896341045,-2.275903024372378,,,,,
2026,Notre Dame,ACC,31,13,115.0516817234804,107.44722839122618,0.6870553376817932,,,,,,,,,,,,,,,66.02047415003753,-5.610587970125061,,,,,
2026,Wyoming,MWC,33,18,114.57441212590066,107.02568397134677,0.6864963815100517,,,,,,,,,,,,,,,66.3107298037656,-5.326542343051773,,,,,
2026,Mississippi St.,SEC,32,13,112.8966645086998,105.60706724771654,0.6830010168202079,,,,,,,,,,,,,,,69.4765856857019,-5.573450965744891,,,,,
2026,Saint Joseph's,A10,33,22,108.35596974149053,101.44624461839832,0.680868709541248,,,,,,,,,,,,,,,67.94114712907363,-4.061890954576886,,,,,
2026,South Carolina,SEC,32,13,111.8096558918871,104.70333661302016,0.6803041270059372,,,,,,,,,,,,,,,66.2816118374992,-6.136186406234603,,,,,
2026,DePaul,BE,32,16,106.81247593104496,100.10230923978742,0.6783376482185444,,,,,,,,,,,,,,,66.43098243627001,-5.146596338458131,,,,,
2026,Kansas St.,B12,32,12,112.781313203315,105.71258358735577,0.6779479537951324,,,,,,,,,,,,,,,72.65224229685056,-6.644276180091925,,,,,
2026,Pittsburgh,ACC,33,13,112.67702371815363,105.62999793604988,0.6775872911354209,,,,,,,,,,,,,,,63.63113892948944,-7.200378125383266,,,,,
2026,Sam Houston St.,CUSA,33,22,114.0760666272117,107.17346942376864,0.672120742095917,,,,,,,,,,,,,,,70.0021306151081,-5.2217086046287084,,,,,
2026,Seattle,WCC,33,20,102.66675091687476,96.50853062777668,0.6707003784587736,,,,,,,,,,,,,,,67.70832052560633,-5.337595581910258,,,,,
2026,Davidson,A10,33,20,110.1298653219427,103.78323235673408,0.6643170040686207,,,,,,,,,,,,,,,63.550049065205954,-5.833862290447334,,,,,
2026,Pacific,WCC,33,18,110.4945443651051,104.13336171512616,0.6641577352396654,,,,,,,,,,,,,,,64.3767649440664,-6.792268124419817,,,,,
2026,UC Irvine,BW,34,23,104.54522549073218,98.6987152939941,0.6596646211814636,,,,,,,,,,,,,,,68.1369573419925,-5.8269587053769225,,,,,
2026,UNLV,MWC,33,17,115.55288747111857,109.24181523353194,0.6560838531808942,,,,,,,,,,,,,,,69.83781776103604,-6.016265095732243,,,,,
2026,St. Thomas,Sum,33,24,114.00164541177703,107.95618636622638,0.6517193297856387,,,,,,,,,,,,,,,68.3704259698949,-4.963129479835807,,,,,
2026,Illinois St.,MVC,32,20,109.2848704861506,103.50137952926472,0.6514206630606831,,,,,,,,,,,,,,,66.7980977815951,-5.734053330173438,,,,,
2026,Illinois Chicago,MVC,34,19,109.6887366875738,103.91180389133169,0.6507183220066884,,,,,,,,,,,,,,,66.25386489239641,-8.541690710019385,,,,,
2026,Maryland,B10,33,12,111.7898791228852,105.97960005587694,0.6488084389425959,,,,,,,,,,,,,,,66.27096305152654,-5.427934088581456,,,,,
2026,North Dakota St.,Sum,34,27,111.49262503573648,106.06642358649762,0.6396322734659334,,,,,,,,,,,,,,,66.33659347403066,-3.3235421313407425,,,,,
2026,Utah,B12,32,10,114.88796387660528,109.44846841998243,0.6359413480594064,,,,,,,,,,,,,,,66.28339170449937,-8.80780358527347,,,,,
2026,Hawaii,BW,32,24,106.92776294999032,101.8877302223228,0.6353510717975482,,,,,,,,,,,,,,,69.56016583176044,-3.714033592523593,,,,,
2026,Liberty,CUSA,33,26,118.20186593154436,112.72474281313204,0.6331180830025004,,,,,,,,,,,,,,,63.939810689678495,-2.1123125642947818,,,,,
2026,Rutgers,B10,33,14,110.95044289445246,105.98906106595362,0.6285728359478888,,,,,,,,,,,,,,,66.66537230149717,-5.34740508160235,,,,,
2026,UT Rio Grande Valley,Slnd,33,19,111.3695420823919,106.56405714539974,0.6241586331470664,,,,,,,,,,,,,,,66.3762444198663,-8.13143386839807,,,,,
2026,George Mason,A10,33,23,110.62809867059973,106.37700188693248,0.6107876181002994,,,,,,,,,,,,,,,63.61125411235942,-2.9814618266324073,,,,,
2026,UC San Diego,BW,34,23,106.30253077585388,102.28381253727888,0.6090172565655438,,,,,,,,,,,,,,,67.17519892393986,-5.825797290295307,,,,,
2026,Duquesne,A10,33,18,110.80786468667844,106.774603328663,0.6050120188522505,,,,,,,,,,,,,,,68.81048680686608,-7.573437258214392,,,,,
2026,UNC Wilmington,CAA,33,27,110.37603892802376,106.36232680436584,0.6049130187904153,,,,,,,,,,,,,,,64.93739025208139,-2.7627092333007317,,,,,
2026,Florida Atlantic,Amer,33,18,109.63640165974108,105.6768993704296,0.6042023374530507,,,,,,,,,,,,,,,69.77495649853203,-8.249354123060016,,,,,
2026,San Francisco,WCC,33,17,113.31173758915529,109.36713446554322,0.6004815121164208,,,,,,,,,,,,,,,65.87397974990805,-7.002188308623191,,,,,
2026,Washington St.,WCC,32,12,114.36339142168865,110.5134334676203,0.5971984115714446,,,,,,,,,,,,,,,67.86489002343903,-11.30795357493068,,,,,
2026,Montana St.,BSky,32,18,110.99855326772342,107.4148771873965,0.5932488658099707,,,,,,,,,,,,,,,65.8781826895816,-8.122778547723694,,,,,
2026,UC Santa Barbara,BW,32,18,113.69040508952384,110.0203086594374,0.593236551642227,,,,,,,,,,,,,,,64.30702647123562,-9.103941898749058,,,,,
2026,Southern Illinois,MVC,32,16,102.5463699602455,99.37903754964752,0.5892339984068873,,,,,,,,,,,,,,,68.9655914776003,-9.49792977956906,,,,,
2026,Wright St.,Horz,34,23,112.41625578823962,109.07598399050109,0.5858617122654791,,,,,,,,,,,,,,,66.95580687102732,-6.54651507261635,,,,,
2026,Toledo,MAC,34,19,114.6088069475806,111.2327447274541,0.5851249980169552,,,,,,,,,,,,,,,67.83225153573395,-9.002628939815251,,,,,
2026,Fresno St.,MWC,32,13,107.02758171465864,103.91299376967962,0.5840994698520708,,,,,,,,,,,,,,,68.24958338470928,-10.282232277560768,,,,,
2026,Memphis,Amer,32,13,107.97838372778466,104.87854184022945,0.5829689829924448,,,,,,,,,,,,,,,69.92640389691513,-9.606453926896585,,,,,
2026,Bradley,MVC,33,21,110.83217134964087,107.85141442501116,0.5777441949435531,,,,,,,,,,,,,,,67.48445176514393,-5.95578207942277,,,,,
2026,Murray St.,MVC,32,20,115.19673168671876,112.24624375409104,0.5740470857692858,,,,,,,,,,,,,,,71.77038830547099,-5.384474958927256,,,,,
2026,Idaho,BSky,35,21,108.88529023541442,106.22371634521213,0.5706728157897122,,,,,,,,,,,,,,,67.40327444472203,-8.833210245536815,,,,,
2026,UAB,Amer,32,20,108.58753535580227,106.05105053404677,0.5675382928145787,,,,,,,,,,,,,,,69.28370453344733,-6.1388107764684126,,,,,
2026,Northern Colorado,BSky,32,20,112.34120020848158,109.85857259349038,0.5638958825569415,,,,,,,,,,,,,,,68.44242375574643,-7.033424746230232,,,,,
2026,Boston College,ACC,31,11,103.75686253575752,101.5667164714375,0.5610306049489843,,,,,,,,,,,,,,,65.9391567847307,-9.998709184770613,,,,,
2026,North Texas,Amer,33,19,103.17947376051,101.2427069883224,0.5542645567079615,,,,,,,,,,,,,,,64.95842347128249,-7.317425866055136,,,,,
2026,Penn St.,B10,32,12,113.79313025558751,111.80124475849772,0.5505971645492135,,,,,,,,,,,,,,,67.49604443866399,-7.174931875606893,,,,,
2026,Troy,SB,33,22,110.7478377710037,109.05736152013132,0.5441079765765481,,,,,,,,,,,,,,,65.06312955895102,-6.122129301737047,,,,,
2026,Central Arkansas,ASun,34,22,109.66826141607096,108.10970209542027,0.5410587392304552,,,,,,,,,,,,,,,67.88927138223394,-6.549702066468157,,,,,
2026,Temple,Amer,32,16,111.78316340024308,110.20511657674686,0.5407848623436483,,,,,,,,,,,,,,,64.87467963602465,-10.267771661983176,,,,,
2026,Kennesaw St.,CUSA,34,21,110.97038717813432,109.44353885730186,0.5397479091282908,,,,,,,,,,,,,,,71.24504123500517,-7.862425122789984,,,,,
2026,Arkansas St.,SB,32,20,109.88517845947644,108.5263448289228,0.5357128092750258,,,,,,,,,,,,,,,72.1273176284841,-7.302510265503785,,,,,
2026,Penn,Ivy,29,18,106.6038677863225,105.53451587718654,0.5289525495487758,,,,,,,,,,,,,,,68.99600277009598,-6.027502285411581,,,,,
2026,Loyola Marymount,WCC,32,15,106.52243830187037,105.48506264399909,0.5281059380817645,,,,,,,,,,,,,,,67.17445992628632,-10.125977317609454,,,,,
2026,Navy,Pat,33,26,106.53907195221768,105.51338625605906,0.5277839900762642,,,,,,,,,,,,,,,65.14207699907216,-4.218919279130095,,,,,
2026,Robert Morris,Horz,33,22,110.01558206457428,108.95869698889734,0.5277242749715917,,,,,,,,,,,,,,,64.52211608970433,-6.660153207515297,,,,,
2026,Eastern Washington,BSky,33,14,113.21565278795144,112.15709200048045,0.5269813305897872,,,,,,,,,,,,,,,67.78327208413917,-12.078758777900791,,,,,
2026,Bowling Green,MAC,32,18,106.0198452834992,105.17126633508197,0.5230875503156049,,,,,,,,,,,,,,,68.21236894558115,-9.65240253412011,,,,,
2026,Rhode Island,A10,32,16,104.17467792517552,103.42398193103128,0.5207806460321616,,,,,,,,,,,,,,,65.81301177203369,-9.503287214069532,,,,,
2026,Middle Tennessee,CUSA,32,17,109.83678476262966,109.0575778725183,0.5204571616354828,,,,,,,,,,,,,,,65.52906552396009,-8.714400099757555,,,,,
2026,St. Bonaventure,A10,34,17,113.10389467988156,112.46683285230338,0.5162336124198205,,,,,,,,,,,,,,,67.118353689768,-10.073936123119852,,,,,
2026,Kent St.,MAC,33,24,110.71463143603188,110.10086800953636,0.5159769007704407,,,,,,,,,,,,,,,70.54451436448164,-3.857416939424271,,,,,
2026,Cornell,Ivy,28,15,119.81086649957491,119.1952095268574,0.5148071562043619,,,,,,,,,,,,,,,71.37914736048006,-8.359411548223218,,,,,
2026,Austin Peay,ASun,31,22,108.73499575363256,108.24160662135556,0.5130721279121235,,,,,,,,,,,,,,,69.19312467273859,-5.252433359960461,,,,,
2026,Portland St.,BSky,31,20,103.11746689866688,102.67094564937668,0.5124738241299134,,,,,,,,,,,,,,,67.7638478205891,-6.24584872925658,,,,,
2026,William & Mary,CAA,32,20,110.50229936649586,110.03080783693832,0.5122908270247398,,,,,,,,,,,,,,,72.61695177856912,-7.076850961745944,,,,,
2026,Oregon St.,WCC,33,17,109.44715285162538,109.05628316764586,0.5102844427905574,,,,,,,,,,,,,,,65.20904189470332,-7.506849392421237,,,,,
2026,Valparaiso,MVC,33,18,107.62756276079752,107.29609785701685,0.5088669850734886,,,,,,,,,,,,,,,65.0881607012329,-8.261371668067811,,,,,
2026,Georgia Tech,ACC,31,11,106.92889247468338,106.63343266539184,0.507954360178394,,,,,,,,,,,,,,,70.88318328827707,-9.68006588178888,,,,,
2026,UC Davis,BW,33,19,107.0054319410238,106.71903812455332,0.5077044761786793,,,,,,,,,,,,,,,68.84897188266217,-8.382920703729067,,,,,
2026,Harvard,Ivy,29,17,105.3990334755452,105.26126615927046,0.5037603062744376,,,,,,,,,,,,,,,63.09913208434129,-7.5492090597395345,,,,,
2026,Montana,BSky,34,18,107.21174013680364,107.08068037094417,0.5035166027802152,,,,,,,,,,,,,,,69.4782578299327,-10.009422403247008,,,,,
2026,Western Kentucky,CUSA,32,18,108.2443792391288,108.15507947660096,0.5023727869383278,,,,,,,,,,,,,,,69.87167833242718,-8.464021675760414,,,,,
2026,Cal St. Northridge,BW,34,20,108.98303655685356,108.94966663391324,0.5008804408759171,,,,,,,,,,,,,,,73.43561622174309,-8.182373334860753,,,,,
2026,Richmond,A10,32,15,110.4353589283372,110.59884643904827,0.4957471257185479,,,,,,,,,,,,,,,67.55371175094925,-10.957134720162232,,,,,
2026,Merrimack,MAAC,34,23,106.1929095720588,106.4524803436359,0.4929815800506085,,,,,,,,,,,,,,,63.47676043658417,-6.3070408696890645,,,,,
2026,Monmouth,CAA,34,19,106.43605442890764,106.77800519617978,0.4907792399620301,,,,,,,,,,,,,,,66.87070297096976,-9.9541917460964,,,,,
2026,Charlotte,Amer,34,17,112.96113570436032,113.56455015506354,0.4846880217014837,,,,,,,,,,,,,,,63.34861919901434,-10.147490926077158,,,,,
2026,Winthrop,BSth,34,23,110.43141938634946,111.0635129057786,0.4835967203735121,,,,,,,,,,,,,,,69.89464210642481,-5.640088168396576,,,,,
2026,FIU,CUSA,32,15,107.84453452281925,108.4933984525914,0.4827607676318248,,,,,,,,,,,,,,,71.58863947570697,-11.351657164396736,,,,,
2026,Massachusetts,MAC,33,17,109.95687583414838,110.67394107490531,0.4813207382849713,,,,,,,,,,,,,,,70.14579256657701,-11.423243698883518,,,,,
2026,Towson,CAA,34,19,104.20484886013604,104.9042013135056,0.4807788810689697,,,,,,,,,,,,,,,63.37602385487814,-8.956542123527846,,,,,
2026,Oakland,Horz,32,16,113.84368140077488,115.05274530762996,0.4696646920933042,,,,,,,,,,,,,,,69.9702367714398,-8.34475953510673,,,,,
2026,Fordham,A10,32,17,103.20657721225956,104.32768977398194,0.4689777519718309,,,,,,,,,,,,,,,64.17971402929763,-9.47293493377312,,,,,
2026,Northern Kentucky,Horz,34,20,108.99234061483112,110.2046573315326,0.4682408641379454,,,,,,,,,,,,,,,69.98348844519225,-9.596130550417534,,,,,
2026,Green Bay,Horz,33,18,113.11312655976371,114.38009210017644,0.468020223628221,,,,,,,,,,,,,,,62.933079478688974,-9.66406742955224,,,,,
2026,Texas A&M Corpus Chris,Slnd,33,18,104.1091386637001,105.32581818849415,0.4666455106314146,,,,,,,,,,,,,,,65.90539245522,-9.027879524470643,,,,,
2026,UT Arlington,WAC,32,18,101.42187232382082,102.66934016762644,0.4649115774277551,,,,,,,,,,,,,,,64.79156088033743,-8.037534468373442,,,,,
2026,Utah Tech,WAC,34,19,111.29211282118897,112.7631418032933,0.4623195576394614,,,,,,,,,,,,,,,66.42125661589786,-8.111995797414883,,,,,
2026,Appalachian St.,SB,32,19,105.39929045198784,107.03256492808734,0.4559053160858456,,,,,,,,,,,,,,,62.962229809849376,-9.136582003240138,,,,,
2026,Siena,MAAC,34,23,107.25133178930504,108.97528723445858,0.4542828391287146,,,,,,,,,,,,,,,64.60992032408711,-7.767248142057284,,,,,
2026,Louisiana Tech,CUSA,34,20,103.39200228594515,105.07784657273362,0.4536337495445904,,,,,,,,,,,,,,,63.914335299380184,-9.201542031952442,,,,,
2026,Campbell,CAA,34,16,110.50944550061976,112.33444983573824,0.4530474430743549,,,,,,,,,,,,,,,69.81716019971051,-10.905356025092576,,,,,
2026,Detroit Mercy,Horz,32,17,108.85511376319565,110.69447996945318,0.4519744191251773,,,,,,,,,,,,,,,68.79163410672875,-9.745573532248082,,,,,
2026,New Mexico St.,CUSA,32,16,108.26945493086328,110.15079781278956,0.4506330366867281,,,,,,,,,,,,,,,66.58153892566204,-11.316330933104773,,,,,
2026,Portland,WCC,34,15,106.30367217650962,108.18515902065631,0.4497303647307253,,,,,,,,,,,,,,,68.47015750568406,-10.463162861189248,,,,,
2026,Charleston,CAA,32,21,106.8564869123302,108.76903173159144,0.4491737499041325,,,,,,,,,,,,,,,67.70115785020208,-6.197078436082012,,,,,
2026,Youngstown St.,Horz,32,15,106.3873170262644,108.34395788937954,0.4477952470385061,,,,,,,,,,,,,,,67.2346240122763,-12.574048843749129,,,,,
2026,Cal St. Fullerton,BW,34,18,107.6620149627426,109.75179263441974,0.4449534283484281,,,,,,,,,,,,,,,72.84230255180552,-9.321363976344522,,,,,
2026,Furman,SC,34,22,106.98205045619255,109.06327387532956,0.4448324872141124,,,,,,,,,,,,,,,65.82038504609334,-8.708525705190006,,,,,
2026,South Alabama,SB,32,21,107.22083132319788,109.322400435611,0.4444246252733397,,,,,,,,,,,,,,,64.60253623905491,-7.465718154659802,,,,,
2026,Missouri St.,CUSA,34,16,109.46756676737624,111.63265263007968,0.4439291485074665,,,,,,,,,,,,,,,65.24485586074395,-12.832099520517072,,,,,
2026,East Tennessee St.,SC,34,23,107.91387546720406,110.09126833748232,0.4428194635935676,,,,,,,,,,,,,,,65.99506799525561,-7.417011423557525,,,,,
2026,UMBC,AE,33,24,108.07263182392444,110.284529467462,0.442014174954451,,,,,,,,,,,,,,,66.01905428386169,-5.116995194282548,,,,,
2026,Howard,MEAC,34,24,104.5849890349374,106.75527763101036,0.4412232206435324,,,,,,,,,,,,,,,69.05878829907715,-6.846606173345319,,,,,
2026,Queens,ASun,34,21,114.74501088380497,117.15761625207732,0.4404613839701704,,,,,,,,,,,,,,,69.48205386224093,-6.947704263291833,,,,,
2026,New Orleans,Slnd,33,15,108.69767289914208,111.17069547653172,0.435681099542903,,,,,,,,,,,,,,,69.73734201483467,-10.554878772469865,,,,,
2026,Jacksonville St.,CUSA,32,15,105.45590512914664,107.9110728293032,0.4342166297018874,,,,,,,,,,,,,,,65.07289007379244,-12.750156902374602,,,,,
2026,Tulane,Amer,33,18,107.55797284626811,110.1184281273751,0.4327711314117933,,,,,,,,,,,,,,,66.83148120805237,-9.050320036650104,,,,,
2026,Drexel,CAA,33,17,102.68686741438106,105.15298240996086,0.4321907873372627,,,,,,,,,,,,,,,64.17237489250563,-11.774265930779857,,,,,
2026,Weber St.,BSky,32,16,111.12291985044928,113.85839563021486,0.430536295664885,,,,,,,,,,,,,,,68.51442640411426,-10.619492725997342,,,,,
2026,Indiana St.,MVC,32,11,105.95673772716164,108.79404731192898,0.4246053356848601,,,,,,,,,,,,,,,68.19365770781658,-14.648178497777655,,,,,
2026,Columbia,Ivy,28,16,107.8998733871742,110.87880397276176,0.422335903765199,,,,,,,,,,,,,,,66.79650745304578,-7.781379501717131,,,,,
2026,Marist,MAAC,31,19,99.62649532207078,102.51554758002568,0.4185465679176436,,,,,,,,,,,,,,,66.2003662147756,-9.252767104008257,,,,,
2026,Mercer,SC,32,19,110.77435423510632,114.04366217113818,0.4171485339637896,,,,,,,,,,,,,,,68.9232521122208,-8.487979152870917,,,,,
2026,James Madison,SB,33,18,109.13834798252364,112.4092202240926,0.4159088666095239,,,,,,,,,,,,,,,65.94389751194433,-10.353031996539148,,,,,
2026,Rice,Amer,31,13,109.05529654238826,112.5929937675804,0.4092344675102239,,,,,,,,,,,,,,,65.59791583927507,-12.244628775436489,,,,,
2026,Marshall,SB,32,19,112.0048276652684,115.78212490179018,0.4057809611470095,,,,,,,,,,,,,,,69.37969092121384,-8.484755280718405,,,,,
2026,Drake,MVC,34,14,109.57731742823368,113.35761539465528,0.403705893120378,,,,,,,,,,,,,,,67.0578106068901,-13.580684173366024,,,,,
2026,San Jose St.,MWC,33,9,112.7627146252751,116.66721124772592,0.4033664568923861,,,,,,,,,,,,,,,64.98405250424273,-13.949854535137796,,,,,
2026,San Diego,WCC,33,12,108.52794974040488,112.33903172503568,0.4020557627809361,,,,,,,,,,,,,,,68.11560921928657,-13.39499177009145,,,,,
2026,Cal Poly,BW,33,14,109.50483024272596,113.35663445328082,0.4018992393204953,,,,,,,,,,,,,,,74.07967601618861,-12.420049815053916,,,,,
2026,La Salle,A10,32,9,105.96973202283957,109.77491458474556,0.3999428790625442,,,,,,,,,,,,,,,65.73865100512602,-14.857523107832678,,,,,
2026,Tennessee St.,OVC,32,23,107.86783224140518,111.885002415148,0.3963980459408091,,,,,,,,,,,,,,,70.1169284103059,-5.628313327743158,,,,,
2026,Southern Miss,SB,35,19,104.68382832472057,108.87231468347863,0.3890854996224261,,,,,,,,,,,,,,,69.07107520748757,-10.926237062014849,,,,,
2026,Quinnipiac,MAAC,32,19,103.77693351681076,107.97849018080586,0.3878364768358328,,,,,,,,,,,,,,,70.07301225419543,-8.609935873341644,,,,,
2026,Buffalo,MAC,32,17,111.2651562463367,115.77521644049172,0.3877107326048611,,,,,,,,,,,,,,,66.43133487801052,-10.416466110383034,,,,,
2026,South Dakota St.,Sum,32,14,107.53188633018097,111.94290344613636,0.3864361700161252,,,,,,,,,,,,,,,66.98570117324692,-12.706279317310823,,,,,
2026,Western Carolina,SC,31,15,109.42272520832482,114.01602634520076,0.3839336537935488,,,,,,,,,,,,,,,67.8759749847694,-10.699497821592647,,,,,
2026,Bethune Cookman,SWAC,32,17,104.1863288594947,108.64590060833524,0.3817799317339377,,,,,,,,,,,,,,,68.97008524204568,-8.46927755129982,,,,,
2026,Tarleton St.,WAC,32,14,103.38923756943564,107.83759696164518,0.3812034877182472,,,,,,,,,,,,,,,69.48903859153988,-11.851884516646104,,,,,
2026,Ohio,MAC,32,15,108.32118894610528,113.23860803371848,0.3750626325560074,,,,,,,,,,,,,,,68.84718914010558,-11.548504791138985,,,,,
2026,Stony Brook,CAA,32,17,105.2915169084897,110.24981110722052,0.370707371267463,,,,,,,,,,,,,,,66.14680004411288,-10.655641119095655,,,,,
2026,Texas St.,SB,32,19,104.50292145537682,109.63816384331356,0.3654791971933136,,,,,,,,,,,,,,,66.12483975293438,-9.727014086730446,,,,,
2026,Georgia Southern,SB,37,21,110.0740998568076,115.91296727568395,0.3556288352885746,,,,,,,,,,,,,,,70.0801857651999,-11.95782550534467,,,,,
2026,Coastal Carolina,SB,32,19,101.85935647453326,107.49589357872895,0.3499211307174092,,,,,,,,,,,,,,,67.06240203401977,-8.915187254223538,,,,,
2026,Denver,Sum,32,15,115.03109624328415,121.4293975067873,0.3492128839891918,,,,,,,,,,,,,,,68.0174986109123,-10.889407065649918,,,,,
2026,Samford,SC,32,18,107.83869611698728,113.8874897673968,0.3480534682795393,,,,,,,,,,,,,,,67.31745980779255,-9.747670473436193,,,,,
2026,Lipscomb,ASun,32,19,105.09716912742132,111.09862654538505,0.3455564298924368,,,,,,,,,,,,,,,69.43257329977217,-7.769519200014432,,,,,
2026,Old Dominion,SB,33,12,106.26294866947596,112.5007510271276,0.341639377008418,,,,,,,,,,,,,,,68.87031026271544,-15.437699970406952,,,,,
2026,LIU,NEC,34,24,103.69705276298674,109.8345824161299,0.3404543695740062,,,,,,,,,,,,,,,67.80861901544178,-5.757193655205896,,,,,
2026,Eastern Michigan,MAC,31,10,101.6607735340578,107.77489970327014,0.3381302532516622,,,,,,,,,,,,,,,66.45532531178215,-14.678069981581176,,,,,
2026,Florida Gulf Coast,ASun,34,16,105.2408616748346,111.57720428084676,0.337971080483918,,,,,,,,,,,,,,,67.58919578804695,-13.37641710817035,,,,,
2026,Nebraska Omaha,Sum,33,16,106.13909775400025,112.6599899291383,0.3349959979889329,,,,,,,,,,,,,,,67.09109014919163,-12.28496288232718,,,,,
2026,Long Beach St.,BW,32,10,104.30634588775212,110.83875440563476,0.3321317463022808,,,,,,,,,,,,,,,68.40107811910883,-15.680921488886083,,,,,
2026,Saint Peter's,MAAC,29,17,103.26696275005216,109.84424372720986,0.329581664421472,,,,,,,,,,,,,,,65.44366362302752,-8.388686045401034,,,,,
2026,Radford,BSth,32,16,106.44168455281192,113.26470796737028,0.3286054698802283,,,,,,,,,,,,,,,70.65255488364494,-11.80043858285546,,,,,
2026,Iona,MAAC,32,18,104.05463104975208,110.9346618679647,0.3238156510797561,,,,,,,,,,,,,,,69.11213004926475,-10.41651659267957,,,,,
2026,Central Michigan,MAC,31,10,106.55624011296294,113.62342865896152,0.3233337240668255,,,,,,,,,,,,,,,67.03520059172946,-15.410474384211351,,,,,
2026,American,Pat,32,16,105.28378310927118,112.28429281279308,0.3229368605581135,,,,,,,,,,,,,,,66.71835035930468,-11.604293731068177,,,,,
2026,Boston University,Pat,34,17,111.73499074040268,119.22890963360972,0.3215786435740475,,,,,,,,,,,,,,,63.09981269686122,-13.689103455276667,,,,,
2026,UC Riverside,BW,32,10,103.67191512168064,110.72257514926244,0.3193719110386764,,,,,,,,,,,,,,,68.44654421597554,-15.258876226526604,,,,,
2026,Colgate,Pat,33,18,107.42193908824656,114.762876863821,0.3186046538599897,,,,,,,,,,,,,,,66.82793052152674,-9.9928884682036,,,,,
2026,Nicholls St.,Slnd,33,14,104.88036140443076,112.066967313927,0.3181736308945976,,,,,,,,,,,,,,,68.23031394813815,-12.743310991804451,,,,,
2026,Southern,SWAC,34,17,106.16876019341252,113.46596568313112,0.3176831180365865,,,,,,,,,,,,,,,69.77725844797055,-10.935579949717855,,,,,
2026,Southeast Missouri St.,OVC,33,20,101.1561401887477,108.20279965846592,0.3155210016227404,,,,,,,,,,,,,,,68.91198179338123,-9.292456097197393,,,,,
2026,Charleston Southern,BSth,32,15,104.92930607562135,112.2685936617689,0.314862380646445,,,,,,,,,,,,,,,71.5545289586114,-13.30944349770771,,,,,
2026,Lamar,Slnd,31,12,102.80935709436844,110.11165323861346,0.3123591881084449,,,,,,,,,,,,,,,65.35330745353637,-14.100835653825978,,,,,
2026,Princeton,Ivy,29,9,105.01455857104742,112.4802408220927,0.3122108379970112,,,,,,,,,,,,,,,63.83687633202449,-14.938353869429545,,,,,
2026,Abilene Christian,WAC,33,14,99.90939938640496,107.06991821349098,0.3108795853918717,,,,,,,,,,,,,,,67.42043768918245,-12.664304326235342,,,,,
2026,Pepperdine,WCC,32,9,105.71504182319714,113.31709425733015,0.3103266350974456,,,,,,,,,,,,,,,68.36747894823417,-15.069632237354028,,,,,
2026,UNC Asheville,BSth,32,15,103.82294234601017,111.37724919354648,0.3083775736085145,,,,,,,,,,,,,,,64.77534954665919,-12.655441464200896,,,,,
2026,Fairfield,MAAC,34,21,105.4163641917332,113.13978981685318,0.3072256419849311,,,,,,,,,,,,,,,67.03285096127378,-9.914794845426728,,,,,
2026,East Carolina,Amer,31,11,103.7174659827808,111.35613335447246,0.3063532735544204,,,,,,,,,,,,,,,68.61711028123703,-13.795047372336942,,,,,
2026,Vermont,AE,34,22,104.78221718445673,112.52421342578744,0.3058124676572841,,,,,,,,,,,,,,,64.67740251932601,-9.436041415364963,,,,,
2026,Idaho St.,BSky,33,13,108.85280167955467,116.9906854829997,0.3038301938635327,,,,,,,,,,,,,,,65.21091351387389,-14.088508906042472,,,,,
2026,SIU Edwardsville,OVC,32,19,98.94906275160729,106.38790925892135,0.3028849440560314,,,,,,,,,,,,,,,64.39578898775103,-10.599970110282518,,,,,
2026,Southern Utah,WAC,32,10,106.4062367580689,114.55464454877928,0.2997351704152969,,,,,,,,,,,,,,,70.34881122496364,-15.519600154736253,,,,,
2026,Tennessee Martin,OVC,33,22,98.03802352999176,105.56364167248924,0.299322942518273,,,,,,,,,,,,,,,64.27531377021045,-7.946750819291791,,,,,
2026,Elon,CAA,32,14,108.10644912192166,116.43885103193207,0.2986209341130658,,,,,,,,,,,,,,,66.80669812816416,-13.204670791254337,,,,,
2026,Purdue Fort Wayne,Horz,32,17,104.9985166822566,113.40863108668842,0.2919174376058103,,,,,,,,,,,,,,,67.68690334093048,-9.283869911420204,,,,,
2026,Sacramento St.,BSky,31,10,105.54447242217287,114.11648754046324,0.2894607558351565,,,,,,,,,,,,,,,71.63406753840991,-14.700509563512622,,,,,
2026,North Dakota,Sum,35,18,106.74861641463065,115.43446967677517,0.2891321635094921,,,,,,,,,,,,,,,67.29807661972094,-11.284056742987596,,,,,
2026,UTEP,CUSA,31,11,101.28621513090746,109.58446441514975,0.2879070261400082,,,,,,,,,,,,,,,65.21288287150526,-14.737170822960456,,,,,
2026,Wofford,SC,32,19,108.19096052655954,117.09936523925842,0.2870125536370668,,,,,,,,,,,,,,,67.8045222424919,-9.468910362081616,,,,,
2026,Longwood,BSth,32,16,103.10824561407348,111.79190125471602,0.2829476060178654,,,,,,,,,,,,,,,68.5079987081408,-12.727301512113565,,,,,
2026,Lindenwood,OVC,33,18,100.2535805056972,108.75560478848584,0.2816878067818096,,,,,,,,,,,,,,,72.37764247734839,-11.176858957834682,,,,,
2026,Milwaukee,Horz,32,12,106.13041182581904,115.2737506872597,0.2788098801293366,,,,,,,,,,,,,,,67.60128315291757,-13.564307550180676,,,,,
2026,Dartmouth,Ivy,27,11,104.59765476950948,113.6097448291077,0.2787935738510903,,,,,,,,,,,,,,,69.50266795071363,-11.589699693765782,,,,,
2026,Delaware,CUSA,31,10,105.83508583667644,115.02736445744272,0.2773165674274626,,,,,,,,,,,,,,,63.1168669955608,-15.996223850655618,,,,,
2026,Incarnate Word,Slnd,31,12,108.65291995392998,118.1222886715703,0.276685769897977,,,,,,,,,,,,,,,65.43731172648118,-13.731530207637158,,,,,
2026,Loyola Chicago,A10,33,9,103.21915559497,112.43784620448032,0.2721422753048682,,,,,,,,,,,,,,,65.7350653589229,-16.070028280016476,,,,,
2026,South Dakota,Sum,32,16,104.417088242397,113.88502019540132,0.2693045170039667,,,,,,,,,,,,,,,69.92966055896196,-11.5443958726601,,,,,
2026,Mount St. Mary's,MAAC,32,15,99.22884772137714,108.2960200527224,0.267850502460215,,,,,,,,,,,,,,,67.7774904089783,-12.46278199576666,,,,,
2026,Ball St.,MAC,31,12,99.07752520152438,108.27999221669164,0.2647539476891048,,,,,,,,,,,,,,,63.631925656162096,-14.617082369234408,,,,,
2026,Western Michigan,MAC,31,10,107.1762901661682,117.52138458070982,0.2573724226962968,,,,,,,,,,,,,,,67.78188887998088,-15.36218417533077,,,,,
2026,Prairie View A&M,SWAC,35,18,101.53598626082756,111.40565295007386,0.2560130464163526,,,,,,,,,,,,,,,70.83736457262606,-12.532554405514675,,,,,
2026,Presbyterian,BSth,33,15,102.46762708592036,112.55494592870768,0.2535461669839848,,,,,,,,,,,,,,,64.1773962907999,-13.724440723734505,,,,,
2026,Lehigh,Pat,34,18,102.62944457452764,112.85000292007106,0.2512891647667283,,,,,,,,,,,,,,,66.84837362591588,-12.028078027349052,,,,,
2026,Mercyhurst,NEC,34,17,101.35995520597872,111.55312791513626,0.2493722738322996,,,,,,,,,,,,,,,64.5679006119478,-13.283199618182405,,,,,
2026,Louisiana,SB,33,11,101.62291710202194,111.86277699619448,0.2489829013762718,,,,,,,,,,,,,,,63.247864882048134,-16.95042954660955,,,,,
2026,Jacksonville,ASun,32,12,103.50133408406428,113.94483815024044,0.2487118142378774,,,,,,,,,,,,,,,63.50033514518351,-14.848387527852736,,,,,
2026,UNC Greensboro,SC,34,15,107.9308385099509,119.06190427550678,0.2443902647784674,,,,,,,,,,,,,,,67.64892986353127,-15.158380325230024,,,,,
2026,Arkansas Pine Bluff,SWAC,32,13,104.97554564797588,115.8521400840228,0.2434689900453875,,,,,,,,,,,,,,,69.26164580572242,-12.897131612511616,,,,,
2026,Brown,Ivy,27,9,97.833885906959,108.084477724029,0.2412416125021247,,,,,,,,,,,,,,,66.66571438839763,-14.548565423490048,,,,,
2026,Morehead St.,OVC,33,20,106.45822834388032,117.67675642794164,0.2400926709551988,,,,,,,,,,,,,,,65.31061912760983,-9.040175927580483,,,,,
2026,Florida A&M,SWAC,31,15,98.91579574251162,109.42897820839195,0.2383806408066074,,,,,,,,,,,,,,,67.96057650653762,-11.786622352587248,,,,,
2026,IU Indy,Horz,32,7,106.19806402546216,117.54003023652062,0.2374084643732554,,,,,,,,,,,,,,,73.65035247597271,-20.027072992509986,,,,,
2026,Northeastern,CAA,31,7,106.97730563792652,118.51475314457647,0.2354410670346297,,,,,,,,,,,,,,,69.72044537125589,-19.182737236282065,,,,,
2026,East Texas A&M,Slnd,32,11,100.68426952983737,111.54824383953846,0.2353440669704851,,,,,,,,,,,,,,,68.3677426230413,-14.97459668675122,,,,,
2026,West Georgia,ASun,32,15,102.20224962168577,113.23145916103186,0.2353176936332789,,,,,,,,,,,,,,,69.04420481083012,-12.436636087740284,,,,,
2026,Southeastern Louisiana,Slnd,31,9,99.4517355195742,110.23618706749816,0.2343415040720284,,,,,,,,,,,,,,,65.40254483342575,-16.503997201145555,,,,,
2026,Sacred Heart,MAAC,33,14,106.85125937804878,118.62093390401328,0.2311738350308803,,,,,,,,,,,,,,,68.37946091453209,-15.237865657644717,,,,,
2026,Bellarmine,ASun,32,13,115.04996047659188,127.80175978153778,0.2299118268200079,,,,,,,,,,,,,,,64.57619395281138,-14.375548976887671,,,,,
2026,Grambling St.,SWAC,33,14,96.37918699767772,107.28697951237884,0.2256575332402074,,,,,,,,,,,,,,,67.49161742721515,-14.821280606467846,,,,,
2026,Eastern Kentucky,ASun,32,11,108.6491359692815,120.96401189120463,0.2253516288908233,,,,,,,,,,,,,,,67.21700987578555,-16.50595464769849,,,,,
2026,Oral Roberts,Sum,33,10,102.40682759421496,114.0207624270625,0.2252355191522295,,,,,,,,,,,,,,,67.70678550646588,-17.54200668535639,,,,,
2026,Evansville,MVC,32,7,102.4104477796241,114.32721814059842,0.2199645017528713,,,,,,,,,,,,,,,66.93583054768946,-17.639786170355887,,,,,
2026,USC Upstate,BSth,32,13,99.20335511685477,110.85680006831105,0.21801433354766,,,,,,,,,,,,,,,67.5554848821729,-14.228011218486031,,,,,
2026,Hampton,CAA,32,13,100.74751206703893,112.67781531027032,0.2163571164127431,,,,,,,,,,,,,,,65.37546569036483,-14.59721014327244,,,,,
2026,Texas Southern,SWAC,30,12,102.14163561759192,114.30842116406006,0.2151414470645402,,,,,,,,,,,,,,,68.64737701933966,-12.95297681557329,,,,,
2026,Alabama A&M,SWAC,33,18,104.37399515041557,116.8543325936667,0.214350674669353,,,,,,,,,,,,,,,65.20667020505589,-11.590932641188587,,,,,
2026,Northwestern St.,Slnd,32,10,100.70252971020592,112.74778955296482,0.2142831514679501,,,,,,,,,,,,,,,64.76368988453439,-16.24361202481586,,,,,
2026,Alabama St.,SWAC,32,10,99.75659413097576,111.74430434630996,0.213321170366745,,,,,,,,,,,,,,,69.26299677364032,-16.570859147318483,,,,,
2026,Houston Christian,Slnd,32,12,101.6938830777392,113.93947378951988,0.2128966802704258,,,,,,,,,,,,,,,64.08546232540803,-14.920028628441475,,,,,
2026,Stetson,ASun,33,12,105.18344960222524,117.88974593446392,0.2122352017408184,,,,,,,,,,,,,,,66.74363528554866,-15.881726927184785,,,,,
2026,North Carolina A&T,CAA,30,11,104.46856733151026,117.18307027410808,0.2106871258009962,,,,,,,,,,,,,,,68.49591509675223,-15.15020804785732,,,,,
2026,Chattanooga,SC,32,13,105.39538414052537,118.4290026118998,0.2073719114778384,,,,,,,,,,,,,,,67.02981922895097,-15.33582847112967,,,,,
2026,Central Connecticut,NEC,30,18,104.5091800079701,117.49535925008226,0.2063735334712031,,,,,,,,,,,,,,,64.8208345699713,-9.431037388950037,,,,,
2026,Le Moyne,NEC,32,15,100.81500745347466,113.61197531046122,0.2019309322318226,,,,,,,,,,,,,,,69.44636885039026,-13.784054647963371,,,,,
2026,Cleveland St.,Horz,33,11,109.6917629545294,123.64639289081066,0.2014682773977767,,,,,,,,,,,,,,,69.57943737837127,-16.881669368597453,,,,,
2026,Georgia St.,SB,32,10,99.38213323936576,112.10145245535438,0.200212421269003,,,,,,,,,,,,,,,67.9009116499093,-17.677064846330698,,,,,
2026,Wagner,NEC,31,14,102.01473259047216,115.14123145234444,0.1990909409990785,,,,,,,,,,,,,,,65.45826136605412,-13.485150832126209,,,,,
2026,Northern Arizona,BSky,32,10,105.70690792679562,119.35415677124593,0.1983901039476427,,,,,,,,,,,,,,,63.76443613626781,-16.676279377528548,,,,,
2026,Albany,AE,32,11,103.44027058618448,118.04662234273786,0.1796116275391865,,,,,,,,,,,,,,,65.2515867261356,-17.36863257542794,,,,,
2026,UMass Lowell,AE,33,15,102.60316040166732,117.1882608863084,0.178213377319701,,,,,,,,,,,,,,,69.29659562631848,-13.67492845308141,,,,,
2026,Lafayette,Pat,32,11,100.46748561122187,115.46099932277482,0.1680326988353931,,,,,,,,,,,,,,,66.79368827536436,-17.090742179853518,,,,,
2026,Tennessee Tech,OVC,31,13,101.87044674328436,117.23563962895795,0.1658172058547966,,,,,,,,,,,,,,,67.02405851017284,-14.595803863378702,,,,,
2026,NJIT,AE,33,16,97.2710855073542,112.11859711254507,0.1633326653871902,,,,,,,,,,,,,,,68.0274882370512,-12.43201905271749,,,,,
2026,Cal St. Bakersfield,BW,32,8,101.73866749341364,117.37307467049834,0.161931550860198,,,,,,,,,,,,,,,70.02018653211577,-18.03983718643188,,,,,
2026,Loyola MD,Pat,32,12,103.57562199281529,119.54640750893051,0.1612265027581303,,,,,,,,,,,,,,,68.17506333907882,-16.790187393328015,,,,,
2026,Bucknell,Pat,33,10,98.8169759744194,114.12390972034284,0.1602758839245797,,,,,,,,,,,,,,,67.03107795449155,-18.197976484656472,,,,,
2026,Little Rock,OVC,32,12,101.12585639209324,116.8072246725476,0.1600535873858408,,,,,,,,,,,,,,,66.44307024093432,-16.368763181553337,,,,,
2026,North Florida,ASun,32,7,106.96777978812396,123.8005874350016,0.1570079540469932,,,,,,,,,,,,,,,70.48551787228214,-18.97869359953564,,,,,
2026,New Haven,NEC,31,14,96.01183716953594,111.6165604729664,0.1503477326877583,,,,,,,,,,,,,,,63.36820288170652,-13.122892966089168,,,,,
2026,Eastern Illinois,OVC,33,13,96.76113057909198,112.6796002729661,0.1478600200432816,,,,,,,,,,,,,,,65.6193455690945,-15.16534024709621,,,,,
2026,Norfolk St.,MEAC,32,15,101.29234728265035,118.1849576968352,0.1450753989283388,,,,,,,,,,,,,,,68.0871659551018,-13.36605953052479,,,,,
2026,Jackson St.,SWAC,33,12,101.01799965565402,118.23558943753562,0.1406532274461457,,,,,,,,,,,,,,,69.55739166785386,-13.919178025938912,,,,,
2026,Holy Cross,Pat,33,11,100.70215979561752,117.98045497473626,0.1393085443575693,,,,,,,,,,,,,,,65.41536283001186,-18.183406942877905,,,,,
2026,Manhattan,MAAC,32,12,103.62142108968108,121.69506620254032,0.1360014665695451,,,,,,,,,,,,,,,67.94485975400903,-16.28492240293674,,,,,
2026,UTSA,Amer,30,5,100.59888940763516,118.17904434304276,0.1356165350671238,,,,,,,,,,,,,,,68.564307539321,-18.680920635393225,,,,,
2026,Niagara,MAAC,30,8,99.90409119324907,117.3784796015866,0.1354368509422637,,,,,,,,,,,,,,,62.20412288653842,-18.277453549837517,,,,,
2026,Stonehill,NEC,33,12,92.03619156310651,108.4669290757779,0.1313551591336211,,,,,,,,,,,,,,,66.36200761760729,-17.559054558720085,,,,,
2026,North Alabama,ASun,30,9,99.96195766127327,118.01098753580364,0.1291086968130749,,,,,,,,,,,,,,,64.80380270459116,-17.066886102335868,,,,,
2026,Fairleigh Dickinson,NEC,32,11,100.6183788929859,119.07316912678225,0.1260177577952166,,,,,,,,,,,,,,,64.03227122226576,-16.72466675245572,,,,,
2026,Chicago St.,NEC,32,7,99.9594404695205,118.7066447583468,0.1216663717300653,,,,,,,,,,,,,,,65.62183272823387,-19.243728402814273,,,,,
2026,Northern Illinois,MAC,30,9,95.7609349333114,113.83234680255892,0.1204657694137061,,,,,,,,,,,,,,,67.46314359401066,-15.389838170877931,,,,,
2026,Army,Pat,32,11,99.70742877740312,118.53494713656914,0.1203491561692512,,,,,,,,,,,,,,,67.13970306136952,-17.40158823828515,,,,,
2026,Alcorn St.,SWAC,32,9,97.28873696728417,115.6878835357848,0.1200511576197009,,,,,,,,,,,,,,,67.92512974216102,-16.373082539317963,,,,,
2026,Air Force,MWC,32,3,95.95538217224842,114.11463708281818,0.1199205763520158,,,,,,,,,,,,,,,66.27480771174609,-20.24587172472943,,,,,
2026,Canisius,MAAC,31,10,95.61460934664632,114.0587691786431,0.1162465862212245,,,,,,,,,,,,,,,64.03875744326436,-17.614418823870864,,,,,
2026,Southern Indiana,OVC,30,7,96.0198220361956,114.62064508179566,0.1154396555209859,,,,,,,,,,,,,,,67.70009220714711,-20.329927957205378,,,,,
2026,The Citadel,SC,33,11,100.06265995801876,120.68334188288615,0.103883956723481,,,,,,,,,,,,,,,64.1598031593388,-18.490992893273752,,,,,
2026,Louisiana Monroe,SB,32,4,101.17863366468,122.34089398814396,0.1011853188271125,,,,,,,,,,,,,,,70.22993033144711,-23.145721216686,,,,,
2026,Maine,AE,32,8,92.23353193400222,111.9429688436678,0.0973381939772673,,,,,,,,,,,,,,,64.72477792434555,-20.6113428881849,,,,,
2026,Saint Francis,NEC,31,7,100.60067577529864,122.5150374966347,0.0939475772718659,,,,,,,,,,,,,,,69.96653914150032,-19.384323555775048,,,,,
2026,New Hampshire,AE,30,9,95.46648819143284,116.28300441624688,0.0937746181905395,,,,,,,,,,,,,,,67.36111041492512,-16.452190356413308,,,,,
2026,North Carolina Central,MEAC,32,14,100.26148048489694,122.8184862411702,0.0883742743077763,,,,,,,,,,,,,,,65.72502541866254,-13.098237451302728,,,,,
2026,South Carolina St.,MEAC,32,10,95.50056085091234,117.2768707338072,0.0861038743322386,,,,,,,,,,,,,,,68.82458107749214,-17.381461303800105,,,,,
2026,Morgan St.,MEAC,30,14,98.89798705518088,121.48797638431869,0.0858138540070958,,,,,,,,,,,,,,,70.44083015156755,-13.0714693728088,,,,,
2026,Bryant,AE,31,9,96.67297630354211,120.24169872707364,0.0752328057183857,,,,,,,,,,,,,,,64.21528240407795,-17.948119101364213,,,,,
2026,Maryland Eastern Shore,MEAC,32,9,93.23386224487628,116.39188595729632,0.0723394563575242,,,,,,,,,,,,,,,63.24871060090912,-17.63381253657605,,,,,
2026,Binghamton,AE,31,8,98.37163373224762,123.12453449941276,0.0703644763661349,,,,,,,,,,,,,,,65.50023402516184,-20.44397606186515,,,,,
2026,Rider,MAAC,29,4,96.37399770505203,120.64536924488203,0.0702328359141056,,,,,,,,,,,,,,,65.65196773010486,-19.678710657348734,,,,,
2026,UMKC,Sum,31,4,93.25877289943466,117.53794959474766,0.0653200023859694,,,,,,,,,,,,,,,69.71251345808001,-21.47369683651497,,,,,
2026,VMI,SC,32,6,98.81140105459494,124.55135527513424,0.0652343923584133,,,,,,,,,,,,,,,66.80784132713323,-22.322778843269973,,,,,
2026,Gardner Webb,BSth,33,4,95.48493231346744,122.14770811853973,0.0556182219731579,,,,,,,,,,,,,,,69.57583597609711,-23.168031136502073,,,,,
2026,Delaware St.,MEAC,31,8,88.42977541518917,114.3663092386625,0.0493703428317266,,,,,,,,,,,,,,,65.46810947946949,-19.721461270323307,,,,,
2026,Coppin St.,MEAC,31,7,91.78919186694556,119.3410449166413,0.0465906811023217,,,,,,,,,,,,,,,68.54491613647387,-19.13684312343577,,,,,
2026,Mississippi Valley St.,SWAC,33,3,91.191429132668,120.97247273530448,0.0373296097774151,,,,,,,,,,,,,,,67.17734028975553,-24.821889329680037,,,,,
2026,Western Illinois,OVC,31,5,92.91055906900776,123.42312604718964,0.0367638417266588,,,,,,,,,,,,,,,66.45824336818521,-23.02273473043143,,,,,
