season,team,home_hca
2021,Alabama,4.152777777777779
2021,Texas A&M Corpus Chris,8.59090909090909
2021,Texas,0.325536062378168
2021,Tarleton St.,17.06111111111111
2021,TCU,0.5846153846153852
2021,St. John's,3.1346153846153846
2021,South Florida,2.1287878787878793
2021,South Dakota,1.9000000000000004
2021,South Carolina St.,10.050420168067227
2021,South Alabama,3.518518518518518
2021,Santa Clara,3.339712918660287
2021,San Diego St.,-0.26428571428571423
2021,Saint Mary's,4.978260869565217
2021,Saint Louis,5.828571428571429
2021,Sacramento St.,13.1203007518797
2021,SMU,4.763888888888889
2021,Rutgers,6.223809523809523
2021,Rhode Island,2.003636363636364
2021,Quinnipiac,1.4
2021,Purdue Fort Wayne,0.0
2021,Purdue,1.7962184873949578
2021,Prairie View A&M,5.153846153846153
2021,Portland,3.716666666666667
2021,Pittsburgh,1.2214285714285715
2021,Texas St.,2.4519230769230766
2021,Pacific,5.988888888888889
2021,Texas Tech,4.745210727969349
2021,UAB,7.325630252100842
2021,Xavier,3.80952380952381
2021,Wofford,3.6622073578595318
2021,Wisconsin,5.258333333333334
2021,Western Kentucky,3.3518518518518516
2021,Western Carolina,5.166153846153846
2021,West Virginia,0.9357142857142859
2021,Weber St.,4.11188811188811
2021,Washington St.,5.346153846153847
2021,Wake Forest,7.421052631578948
2021,Virginia Tech,2.8285714285714283
2021,Virginia,1.5075000000000003
2021,Villanova,7.0
2021,VMI,8.974358974358974
2021,Utah St.,0.5233265720081146
2021,UTEP,11.051383399209486
2021,UT Arlington,6.925714285714287
2021,USC Upstate,0.928853754940711
2021,USC,3.2366071428571423
2021,UNLV,5.224537037037037
2021,UMass Lowell,0.8363636363636364
2021,UMKC,10.695652173913043
2021,UC Irvine,11.884615384615383
2021,UC Davis,1.9588235294117646
2021,The Citadel,9.533333333333333
2021,Oregon St.,2.4318181818181817
2021,Providence,1.68
2021,Ohio,6.041666666666667
2021,Jacksonville,7.3768115942028984
2021,Iowa,2.982258064516129
2021,Indiana,3.128205128205128
2021,Ohio St.,3.3208333333333337
2021,Houston,5.492668621700879
2021,Grand Canyon,5.065217391304348
2021,Georgia Tech,2.2487179487179487
2021,Georgia Southern,8.212307692307691
2021,Georgetown,2.3021978021978025
2021,Furman,8.346153846153847
2021,Fresno St.,6.125
2021,James Madison,1.973684210526315
2021,Florida Gulf Coast,4.358288770053475
2021,Elon,8.050420168067227
2021,East Tennessee St.,2.881410256410257
2021,Davidson,3.75
2021,Connecticut,2.9696969696969706
2021,Chattanooga,0.7000000000000002
2021,Cal St. Northridge,-0.7261904761904763
2021,Butler,6.16
2021,Bradley,4.8125
2021,BYU,3.08994708994709
2021,Army,0.9696969696969697
2021,Arkansas,5.073313782991201
2021,FIU,6.16
2021,Kansas St.,1.90546218487395
2021,Illinois,1.4651952461799667
2021,Kentucky,1.5833333333333333
2021,Northern Kentucky,2.0471014492753623
2021,Northern Illinois,5.105263157894736
2021,North Florida,6.714285714285715
2021,North Carolina,5.977207977207978
2021,North Alabama,9.96014492753623
2021,Kennesaw St.,8.618012422360248
2021,Nevada,5.461538461538462
2021,Nebraska Omaha,4.862222222222223
2021,Nebraska,8.85925925925926
2021,Navy,1.5470588235294125
2021,N.C. State,0.0
2021,New Hampshire,0.0222222222222222
2021,Missouri,0.9538461538461538
2021,Morgan St.,0.8272727272727272
2021,Louisville,5.555023923444976
2021,Loyola Marymount,3.3766233766233764
2021,Marquette,4.038461538461538
2021,Mercer,5.0
2021,Maryland,5.6
2021,Michigan,2.0999999999999996
2021,Michigan St.,6.866071428571429
2021,Minnesota,9.026785714285714
2021,Mississippi St.,2.21875
2021,Miami OH,3.1818181818181817
2021,Toledo,6.510344827586206
2021,Southern,12.51388888888889
2021,Towson,4.533333333333333
2021,Utah Valley,3.1523809523809523
2021,Saint Joseph's,4.669172932330828
2021,SIU Edwardsville,-3.378181818181818
2021,Howard,0.4499999999999993
2021,California,6.321428571428571
2021,George Mason,5.9523809523809526
2021,North Texas,9.619047619047617
2021,Kansas,1.7394636015325666
2021,Syracuse,7.603076923076923
2021,South Dakota St.,2.441558441558441
2021,Saint Peter's,4.345238095238095
2021,Richmond,0.7467532467532472
2021,Queens (NC),0.6666666666666667
2021,Tulane,3.148550724637681
2021,UNC Asheville,5.2
2021,UNC Greensboro,-0.5862068965517242
2021,UTSA,11.48
2021,VCU,4.191428571428571
2021,Vanderbilt,4.288461538461538
2021,William Jessup,1.8000000000000007
2021,UCLA,4.776209677419355
2021,North Carolina A&T,11.285714285714286
2021,Oakland,7.527777777777779
2021,Arizona,2.403846153846154
2021,Austin Peay,5.038461538461539
2021,Cal Poly,3.782608695652174
2021,Central Connecticut,2.152631578947368
2021,Charlotte,4.653846153846153
2021,Eastern Kentucky,4.253694581280788
2021,Georgia St.,5.611721611721611
2021,Gonzaga,0.5894736842105281
2021,Appalachian St.,10.917582417582418
2021,Incarnate Word,2.766666666666666
2021,Nicholls St.,6.079545454545455
2021,Middle Tennessee,6.454545454545455
2021,Marshall,0.2490842490842491
2021,Louisiana Tech,4.4142614601018675
2021,Jacksonville St.,4.3076923076923075
2021,St. Louis Pharmacy,0.0
2021,St. Francis PA,2.3571428571428577
2021,Southern Utah,5.6463768115942035
2021,Rice,9.476190476190476
2021,Radford,1.8666666666666663
2021,Tulsa,3.4173913043478263
2021,South Carolina,2.4666666666666663
2021,UNC Wilmington,8.258928571428571
2021,UT Rio Grande Valley,11.952153110047847
2021,Wyoming,4.848571428571429
2021,Penn St.,1.9166666666666667
2021,Coastal Carolina,7.773333333333332
2021,Bowling Green,-4.173076923076923
2021,Buffalo,-0.8399999999999999
2021,Charleston,0.0
2021,Oral Roberts,9.482758620689655
2021,Denver,5.166666666666666
2021,Duke,1.8636363636363633
2021,Old Dominion,4.620553359683794
2021,Oklahoma St.,1.4088669950738915
2021,Illinois Chicago,2.7990430622009566
2021,Mobile,-3.5
2021,Louisiana Lafayette,-0.25
2021,Lipscomb,5.064102564102564
2021,Sam Houston St.,12.380952380952381
2021,Samford,7.076023391812866
2021,San Francisco,-0.21666666666666634
2021,Seattle,7.513833992094862
2021,Texas A&M,3.994652406417112
2021,UC Santa Barbara,7.0989010989011
2021,Washington,1.8736263736263732
2021,Morehead St.,4.914285714285714
2021,Murray St.,10.313333333333333
2021,Arizona Christian,0.0
2021,Creighton,4.711111111111111
2021,Georgia,6.0125
2021,Iowa St.,3.958333333333333
2021,Arizona St.,4.831428571428571
2021,Miami FL,3.6179487179487184
2021,Seton Hall,2.2535612535612537
2021,Stanford,0.027472527472527458
2021,Stetson,8.544871794871796
2021,Tennessee Tech,6.4370629370629375
2021,UCF,6.616161616161617
2021,Campbell,2.8076923076923075
2021,Hofstra,2.3181818181818183
2021,Little Rock,6.426086956521739
2021,LSU,5.616666666666667
2021,Stephen F. Austin,7.200000000000001
2021,New Mexico St.,10.850000000000001
2021,Abilene Christian,11.428571428571429
2021,Charleston Southern,1.75
2021,Dayton,2.9565217391304346
2021,East Carolina,2.0809716599190287
2021,George Washington,3.3764705882352946
2021,Southeast Missouri St.,2.5128205128205128
2021,Tennessee Martin,6.070234113712374
2021,Wichita St.,2.5181818181818185
2021,Southern Miss,4.6826923076923075
2021,Oregon,2.25
2021,Cal Baptist,6.7146739130434785
2021,Cincinnati,3.717391304347826
2021,Clemson,3.176811594202899
2021,Fairfield,1.2460317460317465
2021,Flagler,24.333333333333332
2021,Florida,4.005952380952381
2021,Florida St.,5.0
2021,Dixie St.,1.0065359477124183
2021,Illinois St.,8.283333333333333
2021,Norfolk St.,4.970238095238096
2021,Northwestern,5.295031055900622
2021,Memphis,1.9333333333333336
2021,McNeese St.,17.300724637681157
2021,LafayetteNew Orleans,0.0
2021,Kent St.,4.261904761904763
2021,Utah,5.894285714285713
2021,Winthrop,1.0830769230769235
2021,Wright St.,-1.4180602006688972
2021,Oklahoma,8.351648351648352
2021,Pepperdine,2.8740740740740747
2021,Eastern Illinois,2.224358974358974
2021,Florida Atlantic,21.090909090909093
2021,Drake,7.423387096774194
2021,Liberty,9.711206896551724
2021,Grambling St.,5.8826086956521735
2021,Northern Iowa,5.473333333333334
2021,Stony Brook,3.3
2021,Auburn,4.8076923076923075
2021,Arkansas St.,11.272727272727273
2021,Boise St.,3.7142857142857153
2021,Eastern Michigan,15.419117647058822
2021,Hartford,8.5
2021,Robert Morris,4.732142857142857
2021,Loyola Chicago,2.9767025089605728
2021,Utah Tech,0.0
2021,Ball St.,5.863636363636363
2021,Belmont,-1.0788177339901477
2021,Binghamton,-3.7111111111111104
2021,Bryant,3.9469696969696972
2021,College of Charleston,0.7272727272727275
2021,Air Force,1.0181818181818176
2021,Green Bay,5.454545454545454
2021,High Point,4.808333333333334
2021,Houston Baptist,4.15
2021,Delaware,3.984126984126984
2021,Southern Illinois,5.230769230769231
2021,Valparaiso,4.5
2021,Western Illinois,5.904761904761905
2021,"Western Kentucky -38.1, 99-61",0.0
2021,Notre Dame,3.9038461538461537
2021,Northwestern St.,9.99025974025974
2021,Drexel,3.5175438596491224
2021,Marist,1.05
2021,Long Beach St.,3.3809523809523814
2021,Longwood,6.663129973474801
2021,Western Michigan,6.017543859649123
2021,UMBC,-1.5388888888888892
2021,Cal St. Bakersfield,10.072727272727274
2021,Portland St.,0.8278388278388278
2021,Tennessee,4.452488687782806
2021,St. Francis NY,0.625
2021,New Orleans,8.940711462450594
2021,Mount St. Mary's,4.0
2021,Detroit Mercy,0.0
2021,Fairleigh Dickinson,0.6727272727272728
2021,Indiana St.,3.473846153846154
2021,Iona,2.7777777777777777
2021,La Salle,9.616666666666667
2021,"Memphis -37.7, 98-61",0.0
2021,San Jose St.,7.050000000000001
2021,Youngstown St.,8.333333333333334
2021,Northern Colorado,3.463203463203463
2021,Baylor,1.2457983193277293
2021,Bellarmine,0.2294372294372291
2021,Evansville,7.34
2021,Louisiana Monroe,2.556666666666666
2021,Northern Arizona,-1.6785714285714288
2021,Mississippi,4.637037037037037
2021,Florida National,-1.8333333333333321
2021,Coppin St.,3.0178571428571432
2021,Massachusetts,3.5166666666666666
2021,Texas Southern,8.68
2021,Manhattan,0.050000000000000266
2021,Canisius,4.36923076923077
2021,Eastern Washington,4.2101449275362315
2021,Hawaii,3.683333333333333
2021,Houston Christian,0.0
2021,North Dakota St.,2.0461538461538464
2021,Montana,7.811965811965813
2021,Central Michigan,5.818181818181818
2021,Boston College,4.571428571428571
2021,Akron,7.863636363636364
2021,IU Indy,0.0
2021,Idaho St.,10.420289855072463
2021,Troy,11.181818181818182
2021,Montana St.,4.295454545454545
2021,Northeastern,8.380952380952381
2021,Cal St. Fullerton,4.022222222222222
2021,San Diego,0.907692307692308
2021,Presbyterian,4.590909090909091
2021,Colorado St.,4.0989010989010985
2021,Colorado,6.275268817204301
2021,St. Bonaventure,6.107692307692309
2021,Our Lady of the Lake,-11.8
2021,Monmouth,4.65
2021,Lamar,7.510489510489511
2021,Missouri St.,0.5
2021,BrooklynSacred Heart,0.0
2021,Hampton,-0.9333333333333327
2021,New Mexico,-5.309523809523809
2021,Rider,1.1136363636363633
2021,Tennessee St.,3.069264069264069
2021,Gardner Webb,5.63986013986014
2021,Niagara,3.9941520467836256
2021,William & Mary,0.5
2021,UMKC 12-,0.0
2021,Temple,1.0666666666666669
2021,Detroit,-9.333333333333334
2021,Albany,0.30000000000000004
2021,Alabama A&M,10.69047619047619
2021,Central Arkansas,13.787439613526569
2021,Fort Wayne,4.833333333333334
2021,Wagner,1.9500000000000002
2021,UC San Diego,12.645833333333334
2021,DePaul,3.3888888888888893
2021,Cleveland St.,7.776666666666667
2021,Vermont,0.28888888888888964
2021,"Gonzaga -37.7, 100-63",0.0
2021,"Gonzaga -40.0, 105-65",0.0
2021,"Baylor -39.9, 99-59",0.0
2021,Delaware St.,8.947368421052632
2021,Fordham,0.5
2021,Idaho,0.8090909090909086
2021,IUPUI,-2.928571428571429
2021,North Dakota,3.465
2021,Colgate,2.993055555555557
2021,Arkansas Pine Bluff,22.625
2021,Alabama St.,4.095588235294118
2021,Maine,10.944444444444445
2021,Lehigh,-1.9285714285714288
2021,Siena,-1.3125
2021,Bucknell,1.6166666666666665
2021,Lafayette,1.9464285714285714
2021,Holy Cross,1.2249999999999996
2021,Duquesne,4.1078431372549025
2021,Boston University,-3.132352941176471
2021,Southeastern Louisiana,11.220238095238095
2021,Merrimack,1.1666666666666667
2021,LIU Brooklyn,2.7777777777777777
2021,UC Riverside,-1.6349206349206344
2021,Milwaukee,0.5873015873015873
2021,NJIT,-0.07936507936507908
2021,Florida A&M,7.633333333333333
2021,Mississippi Valley St.,17.666666666666668
2021,Sacred Heart,8.619047619047619
2021,Alcorn St.,14.663865546218487
2021,Loyola MD,2.8303571428571432
2021,Saint Francis,0.0
2021,Western New Mexico,0.0
2021,North Carolina Central,9.023809523809524
2021,BrooklynSt. Francis NY,0.0
2021,Jackson St.,12.507352941176471
2021,North Carolina St.,-2.25
2021,LafayetteArkansas St.,0.0
2021,American,2.444444444444444
2021,LafayetteLittle Rock,0.0
2022,Princeton,3.9725490196078432
2022,Providence,2.8095238095238093
2022,Santa Clara,3.0047846889952154
2022,Purdue,3.1788819875776397
2022,Purdue Fort Wayne,0.0
2022,Radford,6.098522167487685
2022,Rhode Island,4.223908918406072
2022,Rice,5.716108452950558
2022,Richmond,1.5554054054054056
2022,Saint Mary's,6.6117647058823525
2022,Sacramento St.,4.152709359605912
2022,Saint Joseph's,4.290196078431372
2022,Saint Louis,4.35064935064935
2022,Pittsburgh,2.33276740237691
2022,Yale,3.878136200716846
2022,Samford,6.489583333333333
2022,San Diego,6.216318785578748
2022,San Diego St.,5.4555921052631575
2022,San Francisco,1.1390374331550799
2022,SMU,3.4393939393939394
2022,Oregon St.,3.588709677419354
2022,Murray St.,5.308123249299719
2022,Oklahoma St.,3.0777777777777775
2022,Montana,12.130514705882351
2022,Morgan St.,13.678571428571429
2022,South Alabama,5.7272727272727275
2022,N.C. State,0.0
2022,Nebraska,1.6403225806451611
2022,Nebraska Omaha,8.05665024630542
2022,Nevada,3.441532258064516
2022,New Hampshire,4.785714285714286
2022,New Mexico St.,4.867647058823529
2022,Oregon,4.371428571428572
2022,Norfolk St.,7.867172675521823
2022,North Dakota,5.352380952380952
2022,North Dakota St.,6.996434937611408
2022,North Texas,1.3068181818181817
2022,Northern Iowa,3.5625
2022,Northern Kentucky,2.900862068965517
2022,Northwestern,5.020373514431239
2022,Ohio,3.545864661654136
2022,Ohio St.,3.5035842293906807
2022,Oklahoma,6.4
2022,North Carolina,3.384615384615385
2022,South Carolina,4.606112054329372
2022,UNC Greensboro,2.0416666666666665
2022,South Florida,3.745098039215686
2022,VMI,5.5
2022,Valparaiso,5.23125
2022,Villanova,4.6258581235697935
2022,Virginia,2.235294117647059
2022,Virginia Tech,4.800000000000001
2022,Wagner,8.951566951566953
2022,Washington,3.0056818181818183
2022,Washington St.,0.579318448883666
2022,Weber St.,1.594896331738437
2022,West Virginia,6.3151515151515145
2022,Western Carolina,7.660416666666666
2022,Western Kentucky,3.7976190476190474
2022,Wichita St.,2.2086466165413534
2022,Winthrop,6.204044117647058
2022,Wisconsin,1.4393939393939394
2022,Wofford,5.1875
2022,Wright St.,3.3556618819776713
2022,Xavier,3.191111111111111
2022,Missouri St.,3.2072829131652654
2022,VCU,0.34375
2022,Utah St.,3.093582887700535
2022,Utah,5.772401433691756
2022,UTSA,6.85
2022,Southern Miss,3.921212121212122
2022,Southern Utah,5.355555555555555
2022,St. Bonaventure,5.865151515151515
2022,St. John's,4.1625
2022,Stanford,4.875
2022,Stephen F. Austin,1.7562499999999996
2022,Stetson,3.7807881773399012
2022,Syracuse,4.677083333333333
2022,"Tennessee -34.3, 92-58",0.0
2022,South Dakota St.,6.414285714285716
2022,Texas,6.7257575757575765
2022,Texas Tech,7.047567567567569
2022,Troy,5.620493358633776
2022,Tulane,3.726190476190476
2022,UAB,5.645962732919253
2022,UCLA,2.9142857142857146
2022,UMass Lowell,5.629032258064516
2022,USC,2.788235294117646
2022,UT Rio Grande Valley,2.9000000000000004
2022,UTEP,3.250700280112045
2022,Texas A&M Corpus Chris,5.0357142857142865
2022,Missouri,5.4
2022,Georgia Tech,5.322916666666666
2022,Minnesota,4.333333333333334
2022,Charleston Southern,12.856079404466502
2022,Charlotte,4.818548387096774
2022,Chicago St.,5.03970223325062
2022,Cincinnati,4.715151515151515
2022,Clemson,3.2566844919786093
2022,Coastal Carolina,4.818181818181818
2022,Colgate,8.051470588235293
2022,Colorado,1.4833333333333338
2022,Colorado St.,2.3673835125448024
2022,Connecticut,6.998161764705884
2022,Creighton,4.042105263157895
2022,Davidson,4.235294117647058
2022,Dayton,1.3684210526315788
2022,Delaware St.,8.392857142857142
2022,Denver,3.3995037220843676
2022,Drexel,3.3571428571428577
2022,Duquesne,-0.11250000000000071
2022,East Carolina,4.519607843137255
2022,Eastern Kentucky,9.747628083491461
2022,Campbell,5.327586206896552
2022,Florida,5.258823529411764
2022,California,5.166666666666666
2022,Cal Baptist,8.129411764705882
2022,Mississippi,3.9598214285714284
2022,Alabama,1.691919191919192
2022,Alabama A&M,9.866666666666667
2022,Albany,-0.801075268817204
2022,American,6.83225806451613
2022,Arizona,2.907168037602819
2022,Arizona St.,5.276209677419355
2022,Arkansas,3.4422604422604435
2022,Arkansas St.,6.273563218390804
2022,Army,10.253456221198157
2022,Auburn,4.382352941176471
2022,Austin Peay,5.095238095238096
2022,BYU,4.03015873015873
2022,Binghamton,4.877984084880637
2022,Boise St.,1.0210526315789465
2022,Boston College,4.96875
2022,Brown,3.731527093596059
2022,Bryant,9.46875
2022,Butler,3.840909090909091
2022,Cal Poly,7.402597402597403
2022,Florida Gulf Coast,6.157894736842104
2022,Drake,2.2550505050505043
2022,Fresno St.,2.9563492063492074
2022,Jacksonville,11.793548387096775
2022,Kentucky,6.617647058823529
2022,LSU,8.273993808049537
2022,La Salle,2.503921568627451
2022,Fordham,5.275735294117647
2022,Lipscomb,5.989583333333334
2022,Little Rock,8.824074074074074
2022,Louisiana Lafayette,3.8928571428571432
2022,Louisville,4.193014705882353
2022,Iowa St.,5.837593984962407
2022,Loyola Chicago,6.313725490196079
2022,Manhattan,5.516666666666667
2022,Marquette,5.53125
2022,Maryland,2.08125
2022,Massachusetts,4.375
2022,Memphis,5.45959595959596
2022,Merrimack,3.783251231527094
2022,Miami FL,0.11969111969111967
2022,Michigan St.,3.587301587301587
2022,Middle Tennessee,7.908408408408408
2022,Loyola Marymount,3.9586206896551728
2022,Iowa,5.814327485380115
2022,Lamar,6.954545454545454
2022,Indiana,6.538095238095237
2022,Furman,4.0588235294117645
2022,George Mason,5.3
2022,George Washington,3.466666666666667
2022,Iona,3.3939393939393936
2022,Georgia Southern,7.8390804597701145
2022,Georgia St.,8.926108374384237
2022,Gonzaga,0.4866760168302946
2022,Grand Canyon,6.462365591397848
2022,Green Bay,2.3269230769230766
2022,Georgia,4.4243421052631575
2022,Harvard,2.853846153846154
2022,High Point,5.924632352941177
2022,Holy Cross,4.296370967741935
2022,Houston,6.494594594594593
2022,Howard,8.455665024630541
2022,Idaho St.,6.243589743589744
2022,Illinois,1.7378787878787874
2022,Illinois St.,6.079744816586922
2022,Hampton,6.214285714285714
2022,Incarnate Word,9.233333333333333
2022,Seattle,4.88125
2022,Seton Hall,4.152960526315789
2022,Temple,3.85632183908046
2022,Texas A&M,2.5892857142857135
2022,Tulsa,6.280834914611006
2022,UC Santa Barbara,7.4642857142857135
2022,Wake Forest,3.597619047619048
2022,UNLV,5.31875
2022,Vanderbilt,3.8650793650793647
2022,Western Michigan,4.301149425287357
2022,Wyoming,4.820588235294117
2022,Sam Houston St.,8.409090909090908
2022,UCF,6.517647058823529
2022,Idaho,3.800403225806452
2022,Penn St.,5.331541218637993
2022,Rutgers,5.136513157894737
2022,Florida St.,4.185483870967742
2022,Hawaii,4.285714285714286
2022,James Madison,6.654761904761905
2022,DePaul,4.56989247311828
2022,Michigan,2.2091503267973858
2022,Mississippi St.,5.554179566563467
2022,New Mexico,6.927083333333333
2022,Old Dominion,5.116129032258064
2022,Pacific,6.491666666666666
2022,Kansas St.,2.767402376910017
2022,Portland,6.7536764705882355
2022,San Jose St.,3.78225806451613
2022,TCU,3.3911764705882357
2022,UNC Asheville,6.679276315789474
2022,South Dakota,7.711693548387097
2022,NJIT,1.320197044334975
2022,Evansville,5.638095238095238
2022,Charleston,0.0
2022,Liberty,5.775119617224881
2022,Mount St. Mary's,9.902564102564103
2022,Rider,3.5515151515151517
2022,Quinnipiac,2.7440860215053764
2022,Presbyterian,7.931182795698924
2022,Portland St.,4.746236559139785
2022,Pepperdine,6.28125
2022,Oral Roberts,8.534274193548388
2022,Nicholls St.,10.787878787878789
2022,Navy,-0.3104166666666668
2022,Western Illinois,6.68125
2022,South Carolina St.,3.7843137254901955
2022,William & Mary,3.9000000000000004
2022,Utah Valley,8.53125
2022,UNC Wilmington,1.0
2022,UC Davis,0.6845238095238095
2022,The Citadel,4.765591397849462
2022,Southern Illinois,4.878136200716845
2022,Southeastern Louisiana,11.666666666666666
2022,Duke,1.9679487179487172
2022,Dixie St.,6.555555555555555
2022,Columbia,2.115384615384615
2022,Bowling Green,7.038306451612903
2022,Boston University,-0.13571428571428568
2022,Appalachian St.,5.608359133126935
2022,Eastern Michigan,5.737634408602151
2022,Elon,8.95897435897436
2022,Baylor,3.75
2022,FIU,6.3125
2022,Maine,7.261083743842365
2022,Marshall,4.39572192513369
2022,Longwood,8.630303030303033
2022,Lafayette,4.1
2022,Kansas,2.810714285714287
2022,Louisiana Tech,5.494949494949494
2022,Hartford,2.915178571428571
2022,Prairie View A&M,8.014814814814814
2022,Siena,1.4679802955665024
2022,New Orleans,8.375
2022,Notre Dame,4.735294117647059
2022,Northern Colorado,3.0
2022,Southeast Missouri St.,4.729838709677419
2022,St. Francis NY,1.9780219780219779
2022,UT Arlington,9.873376623376624
2022,Virgin Islands,0.0
2022,UC Irvine,8.123333333333335
2022,Towson,-0.117647058823529
2022,Toledo,2.208978328173373
2022,Tennessee St.,7.475
2022,Tennessee Martin,7.541871921182266
2022,UC San Diego,8.344827586206897
2022,Northwestern St.,7.368534482758621
2022,Miami OH,5.571691176470588
2022,Cal St. Bakersfield,6.888888888888888
2022,Bradley,7.4239631336405525
2022,Belmont,6.333333333333334
2022,Ball St.,8.665898617511521
2022,Akron,3.5625
2022,Milwaukee,2.75
2022,Florida Atlantic,6.052631578947368
2022,Cleveland St.,2.8802177858439197
2022,Georgetown,3.9108159392789372
2022,Maryland Eastern Shore,12.092307692307692
2022,Lehigh,3.4375
2022,Jacksonville St.,2.0992647058823533
2022,Houston Christian,0.0
2022,Sacred Heart,5.309523809523809
2022,Tennessee Tech,6.90625
2022,UC Riverside,6.107142857142858
2022,Tennessee,6.100000000000001
2022,Bucknell,4.102564102564102
2022,Chattanooga,5.699999999999999
2022,Indiana St.,8.341013824884792
2022,Kennesaw St.,8.85483870967742
2022,Loyola MD,5.847290640394088
2022,Montana St.,4.684033613445378
2022,Saint Francis,0.0
2022,SIU Edwardsville,7.622828784119107
2022,USC Upstate,6.116071428571429
2022,Northern Arizona,4.679166666666667
2022,UMBC,8.175
2022,Eastern Illinois,5.806451612903226
2022,Eastern Washington,5.1968325791855206
2022,Florida A&M,4.8769230769230765
2022,Morehead St.,6.300000000000001
2022,McNeese St.,15.010416666666666
2022,IUPUI,-1.8787878787878807
2022,"Gonzaga -38.2, 98-60",0.0
2022,Northeastern,3.9379310344827587
2022,Penn,5.792207792207792
2022,Vermont,3.311764705882352
2022,Monmouth,1.3933823529411764
2022,Louisiana Monroe,8.513824884792626
2022,Dartmouth,8.94
2022,Cornell,11.794871794871794
2022,College of Charleston,-3.166666666666667
2022,Cal St. Fullerton,5.5625
2022,Fairfield,1.871212121212121
2022,Mercer,7.590909090909091
2022,Kent St.,3.560224089635854
2022,Illinois Chicago,1.5726495726495726
2022,UMKC,6.959677419354839
2022,Oakland,7.7875
2022,Delaware,2.401960784313726
2022,Air Force,3.3846153846153846
2022,Long Beach St.,7.327985739750445
2022,Coppin St.,4.972222222222222
2022,East Tennessee St.,4.670833333333333
2022,North Carolina A&T,5.760416666666666
2022,Robert Morris,7.416445623342176
2022,Texas St.,8.043103448275861
2022,Youngstown St.,4.307575757575758
2022,Tarleton St.,6.541935483870968
2022,North Alabama,8.566666666666666
2022,Cal St. Northridge,2.104166666666666
2022,St. Thomas,7.966666666666667
2022,North Florida,17.311827956989248
2022,Central Arkansas,15.518817204301076
2022,Buffalo,5.166666666666667
2022,Alabama St.,6.933002481389579
2022,Marist,1.6142857142857143
2022,Gardner Webb,7.010752688172044
2022,Bethune Cookman,6.876436781609195
2022,Northern Illinois,0.8948717948717952
2022,Stony Brook,6.487666034155597
2022,Canisius,6.933333333333334
2022,Southern,11.935483870967742
2022,Saint Peter's,4.647058823529411
2022,Central Michigan,2.097701149425287
2022,IU Indy,0.0
2022,North Carolina Central,14.766749379652605
2022,Chaminade,-5.333333333333332
2022,Grambling St.,9.65625
2022,Hofstra,2.635416666666667
2022,"Purdue -35.0, 90-55",0.0
2022,Abilene Christian,8.019005847953217
2022,LIU Brooklyn,14.867692307692309
2022,Bellarmine,9.127272727272727
2022,Central Connecticut,7.265873015873016
2022,Arkansas Pine Bluff,10.387931034482758
2022,Utah Tech,0.0
2022,"Connecticut -31.2, 83-52",0.0
2022,"Houston -31.9, 86-54",0.0
2022,Detroit Mercy,0.0
2022,Niagara,8.85
2022,North Carolina St.,-0.4824561403508776
2022,"Baylor -35.2, 92-57",0.0
2022,Houston Baptist,2.1500000000000004
2022,Mississippi Valley St.,7.840909090909091
2022,"Texas -31.0, 83-52",0.0
2022,Fairleigh Dickinson,11.083333333333334
2022,Charleston Stetson,0.0
2022,"Purdue -35.4, 94-59",0.0
2022,Charleston Old Dominion,0.0
2022,"Baylor -36.1, 93-57",0.0
2022,St. Francis PA,4.543859649122807
2022,BrooklynSacred Heart,0.0
2022,Jackson St.,6.5
2022,Texas Southern,7.793010752688172
2022,LafayetteUT Arlington,0.0
2022,Alcorn St.,4.628787878787879
2022,Fort Wayne,-7.303030303030303
2022,BrooklynSt. Francis NY,0.0
2022,"Ohio St. -34.0, 83-49",0.0
2022,BrooklynFairleigh Dickinson,0.0
2022,BrooklynCentral Connecticut,0.0
2022,Charleston William & Mary,0.0
2022,LafayetteLittle Rock,0.0
2022,Charleston Elon,0.0
2022,BrooklynSt. Francis PA,0.0
2022,Charleston Northeastern,0.0
2022,LafayetteTroy,0.0
2022,Charleston UNC Wilmington,0.0
2023,New Mexico,3.6974789915966397
2023,Rutgers,6.11624649859944
2023,Richmond,6.590277777777778
2023,Rhode Island,1.7007168458781363
2023,Presbyterian,8.888172043010751
2023,Princeton,1.3888888888888893
2023,SIU Edwardsville,4.09375
2023,Prairie View A&M,7.798076923076923
2023,Portland,5.598484848484849
2023,Queens,6.0643939393939394
2023,SMU,5.724264705882353
2023,Saint Peter's,5.83125
2023,Saint Mary's,2.398757763975155
2023,Pittsburgh,1.435714285714286
2023,Samford,4.608455882352942
2023,San Diego,3.0916808149405774
2023,San Diego St.,2.384615384615384
2023,San Francisco,5.7027863777089784
2023,Santa Clara,1.1515151515151514
2023,South Florida,1.6
2023,Southeastern Louisiana,4.419354838709678
2023,Saint Louis,5.082251082251083
2023,Pepperdine,7.021505376344086
2023,Old Dominion,1.4842105263157894
2023,Oregon St.,4.5180921052631575
2023,Missouri,4.181366459627329
2023,Morehouse,9.5
2023,Nebraska,6.350694444444445
2023,Nevada,5.348484848484848
2023,New Hampshire,10.233333333333333
2023,New Mexico St.,9.231060606060607
2023,Norfolk St.,10.880681818181818
2023,North Alabama,12.896103896103895
2023,North Carolina,3.786184210526315
2023,North Carolina A&T,8.491935483870968
2023,North Texas,3.562200956937799
2023,Northern Illinois,7.954326923076923
2023,Northern Iowa,3.4791666666666665
2023,Northern Kentucky,5.333333333333334
2023,Northwestern,2.8389355742296916
2023,Oakland,4.079166666666667
2023,Ohio St.,8.123809523809523
2023,Oklahoma,4.575
2023,Oklahoma St.,4.5055555555555555
2023,Southern Illinois,6.8431372549019605
2023,"Oregon -31.6, 84-53",0.0
2023,Penn St.,4.972972972972973
2023,Southern Miss,7.375
2023,St. John's,4.872727272727272
2023,St. Francis NY,7.571428571428571
2023,USC Upstate,10.34375
2023,UTSA,5.534722222222222
2023,Utah,5.2351190476190474
2023,Utah St.,4.333333333333332
2023,VCU,3.1440993788819878
2023,Vanderbilt,2.5277777777777777
2023,Vermont,4.709150326797386
2023,Villanova,3.666666666666666
2023,Virginia,3.1060606060606055
2023,"Virginia Tech -32.1, 85-53",0.0
2023,Wake Forest,2.9747023809523814
2023,Washington,2.80625
2023,Washington St.,5.632352941176471
2023,West Virginia,5.220588235294118
2023,Wichita St.,1.06875
2023,William & Mary,10.442125237191652
2023,Wisconsin,2.792546583850932
2023,Wofford,8.639928698752229
2023,Wyoming,3.665130568356375
2023,Xavier,3.218468468468469
2023,Yale,11.10952380952381
2023,USC,2.653679653679654
2023,UNLV,1.4002976190476186
2023,UNC Greensboro,2.3819444444444446
2023,UMass Lowell,9.294117647058822
2023,Mississippi St.,4.359943977591036
2023,Stanford,5.71451355661882
2023,Stephen F. Austin,3.9562500000000007
2023,Syracuse,3.8870967741935485
2023,TCU,6.409523809523809
2023,Temple,1.6776315789473684
2023,Tennessee,5.055555555555557
2023,Tennessee St.,6.0875
2023,Texas,4.20997920997921
2023,Texas A&M,0.7025974025974033
2023,St. Bonaventure,5.011513157894737
2023,Texas Tech,5.9419642857142865
2023,Towson,3.904166666666667
2023,Troy,8.46875
2023,Tulane,4.525806451612903
2023,UAB,5.596153846153845
2023,UC Irvine,4.954887218045114
2023,UC San Diego,1.685714285714286
2023,UC Santa Barbara,3.5428571428571436
2023,UCF,3.80952380952381
2023,UCLA,2.117463617463617
2023,UMKC,6.177083333333333
2023,Toledo,3.8541353383458645
2023,Mississippi,3.5169340463458107
2023,N.C. State,0.0
2023,Milwaukee,7.9375
2023,Cal St. Northridge,7.120833333333334
2023,California,3.898897058823529
2023,Campbell,1.787878787878788
2023,Canisius,5.433333333333334
2023,Charleston,0.0
2023,Charleston Southern,9.38479262672811
2023,Charlotte,4.701388888888889
2023,Cincinnati,7.242063492063492
2023,Clemson,7.288194444444445
2023,Cleveland St.,2.3725490196078436
2023,Coastal Carolina,10.142528735632185
2023,Colorado,4.228571428571429
2023,Colorado St.,6.327205882352941
2023,"Connecticut -32.6, 88-56",0.0
2023,Creighton,4.7002457002457
2023,Davidson,1.0
2023,Minnesota,2.327956989247313
2023,DePaul,4.054545454545455
2023,Delaware,4.975806451612903
2023,Denver,5.20625
2023,Duke,7.905228758169933
2023,Cal St. Bakersfield,6.024621212121212
2023,Cal Poly,3.855614973262032
2023,Cal Baptist,8.075757575757574
2023,Butler,6.172675521821632
2023,Abilene Christian,13.352380952380951
2023,Akron,8.597147950089125
2023,Alabama,7.318181818181817
2023,Appalachian St.,6.990808823529411
2023,Arizona,4.607142857142858
2023,Arizona St.,4.065359477124183
2023,Arkansas,7.944444444444445
2023,Arkansas St.,5.7463235294117645
2023,Army,4.6060606060606055
2023,Auburn,4.8235294117647065
2023,East Tennessee St.,1.71875
2023,BYU,4.665441176470588
2023,"Baylor -37.0, 95-58",0.0
2023,Belmont,5.946428571428571
2023,Binghamton,5.843010752688172
2023,Boston College,3.7458333333333336
2023,Boston University,6.971153846153846
2023,Bowling Green,5.298387096774194
2023,Bradley,7.557142857142857
2023,Bryant,11.271794871794874
2023,Bucknell,6.635416666666667
2023,Buffalo,10.991666666666667
2023,Ball St.,3.752083333333333
2023,Eastern Kentucky,9.576102418207682
2023,"Dayton -32.3, 85-53",0.0
2023,Elon,3.997536945812808
2023,Jacksonville St.,9.387096774193548
2023,James Madison,7.338680926916222
2023,Kansas,2.5025252525252526
2023,Kansas St.,4.558080808080808
2023,Eastern Michigan,1.833333333333333
2023,Kentucky,6.306220095693781
2023,Lamar,5.376847290640394
2023,Liberty,8.65909090909091
2023,Louisiana Lafayette,6.669691470054447
2023,Louisiana Tech,5.224242424242425
2023,Loyola Chicago,4.721774193548387
2023,Loyola Marymount,5.297491039426523
2023,Marquette,2.1183574879227063
2023,Maryland,6.3503759398496245
2023,Massachusetts,5.76280834914611
2023,McNeese St.,6.346153846153846
2023,Miami FL,0.19548872180451138
2023,Miami OH,4.875
2023,Michigan,1.5028011204481793
2023,Michigan St.,3.6315789473684212
2023,Middle Tennessee,8.511363636363637
2023,Iowa St.,7.03030303030303
2023,Iowa,4.796536796536796
2023,Kennesaw St.,6.442016806722689
2023,Indiana St.,3.4833333333333343
2023,FIU,4.295415959252971
2023,Florida,5.598930481283421
2023,Florida Atlantic,4.63003663003663
2023,Iona,7.96190476190476
2023,Fordham,4.653679653679654
2023,Fresno St.,5.285714285714286
2023,Furman,4.198496240601504
2023,George Washington,3.2708333333333335
2023,Georgia,8.058823529411764
2023,Georgia St.,6.3293718166383695
2023,Georgia Tech,4.922201138519924
2023,Florida St.,3.568548387096774
2023,Grambling St.,8.397727272727273
2023,Grand Canyon,8.527777777777775
2023,High Point,8.222011385199242
2023,Holy Cross,3.0083333333333333
2023,Houston,1.1074879227053138
2023,Illinois,7.237373737373738
2023,Illinois Chicago,6.15625
2023,Illinois St.,4.1875
2023,Incarnate Word,7.745833333333334
2023,Indiana,4.761038961038961
2023,Gonzaga,4.591069330199767
2023,South Carolina,0.2312499999999993
2023,San Jose St.,4.692857142857143
2023,Purdue,3.336134453781513
2023,Providence,4.833333333333333
2023,Immaculata,5.0
2023,Duquesne,3.0158102766798423
2023,Georgetown,3.5349264705882355
2023,East Carolina,4.321969696969697
2023,Detroit Mercy,0.0
2023,Hartford,7.0130718954248366
2023,Youngstown St.,4.377708978328172
2023,Seattle,7.709558823529411
2023,Seton Hall,2.7049441786283897
2023,South Alabama,8.606617647058822
2023,Robert Morris,5.079166666666667
2023,UC Davis,5.783088235294118
2023,Utah Valley,6.847795163584637
2023,Western Illinois,7.458333333333333
2023,Winthrop,5.9375
2023,Wright St.,4.770833333333334
2023,South Dakota,7.643263757115749
2023,LSU,4.393939393939394
2023,Arkansas Pine Bluff,12.915632754342433
2023,Boise St.,5.5588235294117645
2023,Fairleigh Dickinson,5.016666666666666
2023,Drake,6.280952380952382
2023,Louisville,3.6887096774193537
2023,Marist,-1.2424242424242422
2023,Missouri St.,5.28125
2023,Howard,9.711278195488722
2023,Sam Houston St.,11.400735294117647
2023,Notre Dame,2.8338709677419356
2023,Rice,6.078571428571429
2023,Stonehill,5.612732095490716
2023,The Citadel,6.924731182795699
2023,Tennessee Tech,9.0
2023,Texas St.,-0.0357142857142857
2023,Northwestern St.,5.757575757575758
2023,UMBC,5.555147058823529
2023,VMI,6.09375
2023,Virginia Tech,4.65
2023,Weber St.,5.7696969696969695
2023,Western Michigan,7.161290322580645
2023,Tarleton St.,11.8359133126935
2023,Southern Utah,9.491891891891893
2023,Morehead St.,11.0
2023,Morgan St.,18.333333333333332
2023,Alabama A&M,4.7736185383244205
2023,Brown,2.2777777777777777
2023,Chattanooga,5.294117647058824
2023,Cornell,8.182336182336183
2023,Delaware St.,7.527777777777777
2023,Eastern Illinois,5.133064516129032
2023,Columbia,6.098850574712644
2023,Idaho,6.53125
2023,Merrimack,6.6893939393939394
2023,Louisiana Monroe,9.8125
2023,Little Rock,9.307692307692307
2023,Lindenwood,11.730414746543778
2023,Kent St.,6.941176470588237
2023,Idaho St.,6.04375
2023,Saint Joseph's,2.0303030303030303
2023,Oregon,3.0211180124223604
2023,Northern Colorado,6.972916666666666
2023,Navy,1.9827956989247317
2023,Oral Roberts,7.890225563909773
2023,St. Thomas,12.43030303030303
2023,Stony Brook,4.189247311827956
2023,Texas A&M Corpus Chris,7.785714285714285
2023,UNC Wilmington,7.474383301707781
2023,Dayton,5.852049910873441
2023,Dartmouth,8.285714285714286
2023,Coppin St.,5.006451612903226
2023,Connecticut,3.372235872235871
2023,Central Arkansas,8.080645161290322
2023,Drexel,7.780645161290322
2023,Baylor,5.96969696969697
2023,Air Force,4.3355263157894735
2023,Cal St. Fullerton,7.5519480519480515
2023,Maine,12.733333333333334
2023,Jacksonville,7.583554376657825
2023,Mercer,6.5227272727272725
2023,Hofstra,9.941176470588236
2023,Hawaii,1.5103668261563001
2023,George Mason,4.445454545454545
2023,Southeast Missouri St.,7.272222222222223
2023,Siena,2.389705882352941
2023,Saint Francis,0.0
2023,Rider,1.8000000000000003
2023,Utah Tech,8.793939393939393
2023,Tulsa,6.074509803921568
2023,UNC Asheville,7.685714285714286
2023,UT Arlington,4.820723684210526
2023,UT Rio Grande Valley,9.456989247311828
2023,UTEP,6.166666666666667
2023,Western Kentucky,5.853535353535353
2023,Tennessee Martin,9.937611408199643
2023,Purdue Fort Wayne,0.0
2023,Ohio,8.835227272727273
2023,Georgia Southern,6.865530303030303
2023,Hampton,5.335897435897436
2023,La Salle,2.042483660130719
2023,New Orleans,7.433333333333334
2023,Murray St.,8.327083333333334
2023,Maryland Eastern Shore,12.801843317972349
2023,Lipscomb,7.93939393939394
2023,Penn,5.966666666666667
2023,Sacred Heart,3.7979166666666666
2023,Texas Southern,5.919327731092437
2023,Valparaiso,6.420955882352941
2023,Western Carolina,7.712418300653596
2023,North Dakota St.,6.96969696969697
2023,Southern Indiana,8.09375
2023,Nebraska Omaha,8.072115384615385
2023,Central Michigan,5.591397849462365
2023,Colgate,3.9785714285714278
2023,Florida Gulf Coast,5.473214285714286
2023,Central Connecticut,5.810256410256411
2023,Lehigh,7.326436781609195
2023,Long Beach St.,4.175757575757576
2023,Longwood,6.375
2023,Loyola MD,7.240530303030303
2023,Harvard,0.7692307692307692
2023,Radford,4.0
2023,Mississippi Valley St.,9.27859237536657
2023,Marshall,3.6423611111111107
2023,"Villanova -33.4, 87-53",0.0
2023,Wagner,6.842592592592593
2023,LIU Brooklyn,10.667832167832168
2023,Albany,6.480938416422287
2023,Austin Peay,9.541666666666668
2023,Bellarmine,9.664502164502165
2023,Bethune Cookman,11.92548076923077
2023,Chicago St.,26.20967741935484
2023,Houston Christian,11.466666666666667
2023,Quinnipiac,1.75
2023,"Miami FL -31.6, 83-51",0.0
2023,Northern Arizona,7.304761904761905
2023,North Dakota,6.382575757575758
2023,Mount St. Mary's,2.2666666666666666
2023,Portland St.,6.383064516129032
2023,North Carolina Central,11.55
2023,Northeastern,6.023809523809524
2023,American,2.26036866359447
2023,Evansville,5.163461538461538
2023,Detroit,11.442105263157895
2023,Montana,4.668817204301075
2023,Monmouth,1.166666666666666
2023,Stetson,8.166666666666668
2023,Sacramento St.,4.433035714285714
2023,Pacific,1.5454545454545456
2023,Niagara,5.974654377880184
2023,Montana St.,8.559663865546218
2023,Manhattan,1.2000000000000002
2023,South Dakota St.,5.64375
2023,UC Riverside,7.001960784313726
2023,North Florida,13.283410138248849
2023,NJIT,7.569230769230769
2023,Hawaii Pacific,0.0
2023,Lafayette,1.832579185520362
2023,IU Indy,0.0
2023,Texas A&M Commerce,4.761904761904762
2023,College of Charleston,8.666666666666668
2023,Memphis,2.5052631578947366
2023,Florida A&M,6.094545454545456
2023,Nicholls St.,14.493087557603685
2023,North Carolina St.,12.0
2023,IUPUI,3.416666666666666
2023,Southern,11.232142857142858
2023,"Texas -35.2, 90-55",0.0
2023,Tennessee Southern,-26.333333333333332
2023,Green Bay,3.8629629629629623
2023,Fairfield,3.531182795698925
2023,East Texas A&M,0.0
2023,Westminster (UT),4.0
2023,Charleston The Citadel,0.0
2023,Eastern Washington,8.457013574660632
2023,LafayetteNew Orleans,0.0
2023,Gardner Webb,7.992555831265508
2023,Charleston Presbyterian,0.0
2023,"Connecticut -35.0, 91-56",0.0
2023,South Carolina St.,13.883870967741936
2023,LafayetteMcNeese St.,0.0
2023,Charleston Coastal Carolina,0.0
2023,"Kentucky -31.8, 80-49",0.0
2023,"Houston -32.9, 79-46",0.0
2023,"Purdue -33.3, 80-47",0.0
2023,Alabama St.,10.12258064516129
2023,LafayetteCoastal Carolina,0.0
2023,Charleston Towson,0.0
2023,Alcorn St.,8.9375
2023,Charleston North Carolina A&T,0.0
2023,Jackson St.,5.96969696969697
2023,Charleston UNC Wilmington,0.0
2023,Charleston Monmouth,0.0
2023,LafayetteArkansas St.,0.0
2023,Charleston Northeastern,0.0
2023,Charleston Drexel,0.0
2023,Charleston Delaware,0.0
2023,Fort Wayne,-2.333333333333333
2023,Charleston Hampton,0.0
2023,LafayetteTroy,0.0
2023,Charleston Elon,0.0
2023,Charleston Stony Brook,0.0
2024,Seton Hall,7.569917743830787
2024,Sacred Heart,6.685661764705882
2024,Saint Joseph's,5.685294117647058
2024,Saint Louis,2.6631944444444446
2024,Saint Mary's,3.110644257703081
2024,San Diego,5.025974025974026
2024,San Diego St.,3.9886201991465144
2024,San Francisco,4.841736694677872
2024,Siena,2.6470588235294112
2024,Southeastern Louisiana,6.366071428571429
2024,South Carolina,3.1818181818181817
2024,South Carolina St.,8.388392857142858
2024,South Dakota,9.070967741935483
2024,South Dakota St.,2.977443609022557
2024,SMU,6.0
2024,Southern Illinois,4.133928571428571
2024,Southern Miss,4.298387096774194
2024,St. Bonaventure,0.9090909090909092
2024,Stanford,5.125
2024,South Alabama,5.981024667931688
2024,Rutgers,5.05625
2024,Purdue,3.4266666666666676
2024,Richmond,4.313131313131313
2024,Northwestern St.,6.951612903225806
2024,Notre Dame,3.767361111111111
2024,Ohio St.,3.4178743961352653
2024,Oklahoma,5.588068181818182
2024,Oklahoma St.,5.350328947368421
2024,Old Dominion,3.131182795698925
2024,Oregon,3.2182539682539684
2024,Oregon St.,6.0125
2024,Pacific,7.705882352941177
2024,Penn,6.460446247464503
2024,Penn St.,5.683982683982684
2024,Pepperdine,7.012121212121212
2024,Pittsburgh,2.446428571428571
2024,Portland,5.9393939393939394
2024,Prairie View A&M,9.011730205278592
2024,Providence,2.7047619047619045
2024,Stephen F. Austin,8.722222222222221
2024,Quinnipiac,4.16013071895425
2024,Rhode Island,4.471986417657046
2024,Rider,8.584134615384615
2024,Stetson,8.858646616541353
2024,Washington,3.3812499999999996
2024,TCU,4.387700534759358
2024,Utah St.,3.4248447204968944
2024,VCU,2.018218623481781
2024,Valparaiso,3.4356617647058822
2024,Vermont,2.8617647058823525
2024,Villanova,3.0779220779220777
2024,Virginia,6.8939393939393945
2024,Virginia Tech,6.575757575757576
2024,Wake Forest,4.313725490196078
2024,Northwestern,4.640056022408964
2024,Washington St.,3.0114285714285716
2024,West Virginia,4.511730205278592
2024,Western Kentucky,2.682072829131653
2024,Western Michigan,6.507352941176471
2024,Wichita St.,2.4820971867007673
2024,William & Mary,5.599620493358634
2024,Wisconsin,4.999999999999999
2024,Wofford,3.959558823529412
2024,Xavier,4.2032085561497325
2024,Yale,3.424242424242424
2024,Utah,6.885405405405406
2024,UTSA,4.4338235294117645
2024,UTEP,5.593582887700535
2024,UT Rio Grande Valley,7.231854838709678
2024,Temple,1.073232323232323
2024,Tennessee,3.0694444444444446
2024,Tennessee Martin,3.955645161290323
2024,Tennessee St.,8.508021390374331
2024,Texas,4.583333333333334
2024,Texas A&M,2.0972222222222223
2024,Toledo,0.45833333333333304
2024,Troy,7.815972222222221
2024,Tulane,4.046774193548387
2024,Syracuse,6.319354838709677
2024,Tulsa,7.270967741935484
2024,UC Davis,2.239234449760766
2024,UC San Diego,3.505050505050506
2024,UCF,4.764163372859025
2024,UCLA,3.0757575757575757
2024,UMKC,8.28125
2024,UMass Lowell,5.558333333333334
2024,UNC Wilmington,3.0999999999999996
2024,USC,4.23444976076555
2024,UT Arlington,5.990712074303406
2024,UAB,0.7363636363636363
2024,Northern Colorado,2.711397058823529
2024,Utah Valley,4.051470588235294
2024,North Florida,8.40625
2024,Clemson,2.1833333333333327
2024,Coastal Carolina,3.542145593869732
2024,Colgate,6.97983193277311
2024,Colorado,8.016516516516516
2024,Colorado St.,5.694444444444444
2024,Connecticut,6.660256410256409
2024,Davidson,4.286764705882353
2024,Dayton,4.978609625668448
2024,Duke,3.904970760233917
2024,Duquesne,3.9652509652509647
2024,East Carolina,4.06969696969697
2024,East Tennessee St.,6.732773109243697
2024,Evansville,9.247619047619049
2024,Florida,5.18888888888889
2024,Fordham,1.3078149920255184
2024,Fresno St.,3.3600713012477716
2024,Furman,7.854545454545455
2024,Gardner Webb,3.0738636363636362
2024,George Mason,5.319444444444445
2024,Cincinnati,5.296068796068796
2024,Chattanooga,5.988636363636363
2024,Charlotte,7.6043010752688165
2024,Charleston Southern,7.817733990147784
2024,Northeastern,5.441687344913151
2024,Air Force,-1.431451612903226
2024,Alabama,11.733108108108109
2024,Arizona,11.09313725490196
2024,Arkansas,4.808080808080808
2024,Army,0.03125
2024,BYU,8.108359133126934
2024,Belmont,7.466666666666667
2024,Boston College,1.9625
2024,George Washington,5.46875
2024,Bowling Green,5.235294117647058
2024,Bucknell,0.22510822510822526
2024,Buffalo,0.5763440860215052
2024,Butler,4.553429027113237
2024,Cal Baptist,3.853535353535353
2024,Cal Poly,3.5803571428571432
2024,Cal St. Bakersfield,9.897321428571429
2024,California,5.2389705882352935
2024,Campbell,7.945833333333334
2024,Charleston,0.0
2024,Bryant,9.738095238095237
2024,Georgia Tech,3.161290322580645
2024,Austin Peay,6.931092436974789
2024,Grand Canyon,3.9142857142857146
2024,Memphis,4.1875
2024,North Carolina,2.9214929214929217
2024,Mercer,4.696969696969697
2024,Miami FL,4.84375
2024,Middle Tennessee,8.342902711323765
2024,Milwaukee,6.172794117647059
2024,Minnesota,7.3109243697479
2024,Mississippi,4.284539473684211
2024,Missouri,1.9259868421052633
2024,Montana St.,4.803007518796993
2024,Murray St.,-0.6215277777777778
2024,N.C. State,0.0
2024,Nebraska,6.319327731092437
2024,Nebraska Omaha,7.753787878787879
2024,New Mexico,3.7944444444444443
2024,New Orleans,9.40625
2024,Norfolk St.,10.558823529411764
2024,North Alabama,7.9107142857142865
2024,Grambling St.,8.744444444444444
2024,Marshall,5.144385026737968
2024,Marquette,6.4409672830725455
2024,Michigan St.,5.6000000000000005
2024,Louisiana Lafayette,6.8109243697479
2024,Harvard,4.584656084656085
2024,High Point,5.005555555555555
2024,Hofstra,6.53125
2024,Houston,9.529160739687057
2024,Howard,5.0303571428571425
2024,Louisville,3.2555555555555555
2024,Idaho St.,8.588235294117647
2024,Illinois,3.0213032581453625
2024,Illinois St.,2.3784722222222223
2024,Indiana St.,5.7333333333333325
2024,IU Indy,0.0
2024,Jacksonville,13.612121212121211
2024,Kansas,5.849845201238391
2024,Kent St.,5.154798761609907
2024,Kentucky,3.8245614035087705
2024,LSU,4.974481658692184
2024,Lamar,8.84090909090909
2024,Lehigh,3.7740384615384617
2024,Liberty,7.529605263157896
2024,Little Rock,3.276470588235294
2024,Iowa St.,8.597168597168595
2024,Michigan,5.0625
2024,Montana,7.444444444444445
2024,North Texas,2.0619195046439627
2024,Rice,1.9340277777777777
2024,San Jose St.,5.2055921052631575
2024,Weber St.,8.329044117647058
2024,Texas A&M Corpus Chris,7.3484848484848495
2024,UC Riverside,5.516339869281046
2024,Vanderbilt,3.28225806451613
2024,Western Carolina,4.84375
2024,Massachusetts,3.2314990512333965
2024,Wyoming,4.903225806451613
2024,St. John's,2.2813852813852806
2024,Maryland,5.459595959595959
2024,Nevada,2.439775910364146
2024,La Salle,5.505050505050504
2024,Loyola Marymount,6.0910815939278935
2024,Appalachian St.,7.514705882352942
2024,Ball St.,6.495833333333334
2024,Baylor,7.176470588235294
2024,Creighton,4.846031746031747
2024,DePaul,1.8090277777777786
2024,Boise St.,8.494318181818182
2024,Georgetown,3.0838815789473686
2024,Indiana,2.1
2024,Iowa,8.264705882352942
2024,Jacksonville St.,3.9080882352941178
2024,Kennesaw St.,7.802150537634409
2024,Eastern Kentucky,9.003795066413662
2024,Ohio,2.4666666666666677
2024,Winthrop,6.3014705882352935
2024,Seattle,4.416666666666666
2024,Texas Tech,4.005347593582887
2024,UNLV,1.2032085561497325
2024,Santa Clara,1.3809523809523805
2024,North Dakota St.,10.169642857142858
2024,New Hampshire,6.824884792626728
2024,New Mexico St.,12.375
2024,Cleveland St.,7.077310924369748
2024,Cornell,7.35
2024,Delaware,1.7402597402597402
2024,Drake,6.825563909774436
2024,Alcorn St.,9.258522727272727
2024,Fairleigh Dickinson,6.285714285714286
2024,Loyola Chicago,4.174242424242424
2024,Maine,7.34375
2024,Mississippi St.,1.760902255639098
2024,Eastern Illinois,9.25
2024,Morehead St.,9.1984126984127
2024,Southern Utah,3.509216589861751
2024,South Florida,3.956060606060606
2024,SIU Edwardsville,10.076648841354723
2024,Robert Morris,4.645977011494253
2024,Stonehill,8.612068965517242
2024,Sam Houston St.,7.5625
2024,VMI,8.3125
2024,UC Santa Barbara,2.2724014336917557
2024,Wagner,5.893939393939394
2024,Purdue Fort Wayne,0.0
2024,Chicago St.,12.153409090909092
2024,North Carolina Central,13.053763440860216
2024,Presbyterian,3.9141414141414135
2024,Arkansas Pine Bluff,10.78110599078341
2024,Coppin St.,8.96551724137931
2024,Denver,8.4004329004329
2024,Elon,6.273118279569893
2024,FIU,7.096590909090909
2024,Green Bay,6.339784946236559
2024,Idaho,5.0625
2024,Hampton,8.795833333333334
2024,Morgan St.,11.33978494623656
2024,Merrimack,4.554924242424242
2024,Radford,7.015151515151516
2024,Oral Roberts,7.16989247311828
2024,Navy,7.025806451612903
2024,St. Thomas,5.41919191919192
2024,"Villanova -35.4, 95-59",0.0
2024,UNC Greensboro,5.815972222222221
2024,The Citadel,5.158333333333333
2024,Stony Brook,8.8989898989899
2024,Dartmouth,7.381766381766382
2024,Central Arkansas,6.764583333333333
2024,Bethune Cookman,10.153679653679653
2024,Auburn,4.262499999999999
2024,Akron,9.542857142857143
2024,Florida Gulf Coast,3.1473214285714284
2024,Florida St.,4.0353535353535355
2024,McNeese St.,4.843653250773993
2024,LIU Brooklyn,9.528571428571428
2024,Iona,3.15625
2024,Illinois Chicago,4.4602272727272725
2024,Gonzaga,5.198039215686276
2024,Kansas St.,4.189542483660131
2024,Georgia,2.577027027027027
2024,Northern Illinois,4.326881720430108
2024,Niagara,-1.2416666666666667
2024,Tarleton St.,6.806015037593985
2024,UC Irvine,6.235294117647058
2024,UMBC,1.5958333333333332
2024,UNC Asheville,4.805882352941176
2024,NJIT,8.03021978021978
2024,Mount St. Mary's,4.808035714285714
2024,Central Michigan,8.808035714285715
2024,Miami OH,6.4375
2024,Arizona St.,7.556985294117647
2024,Bradley,5.861904761904762
2024,Cal St. Fullerton,7.321428571428571
2024,Columbia,7.481481481481482
2024,Brown,3.650537634408602
2024,Eastern Michigan,4.833333333333334
2024,Maryland Eastern Shore,12.659340659340659
2024,Longwood,3.860504201680672
2024,Lipscomb,5.1708333333333325
2024,Portland St.,9.10625
2024,Southern Indiana,7.596774193548387
2024,Western Illinois,7.068181818181818
2024,Towson,1.010416666666667
2024,USC Upstate,6.076190476190477
2024,North Dakota,4.507352941176471
2024,James Madison,5.1388888888888875
2024,Binghamton,10.204761904761904
2024,East Texas A&M,0.0
2024,Missouri St.,4.383244206773618
2024,Youngstown St.,5.8952205882352935
2024,American,2.5833333333333335
2024,Central Connecticut,5.3892473118279565
2024,Fairfield,5.85945945945946
2024,Louisiana Tech,6.09375
2024,Lindenwood,6.076190476190476
2024,Le Moyne,13.72952853598015
2024,Queens,12.115151515151515
2024,Oakland,1.9067669172932336
2024,Northern Kentucky,7.65625
2024,Northern Iowa,0.7308377896613192
2024,Sacramento St.,6.241486068111454
2024,Wright St.,2.838709677419355
2024,Tennessee Tech,7.784946236559139
2024,Samford,5.292207792207792
2024,"Connecticut -34.1, 91-57",0.0
2024,Arkansas St.,7.746031746031747
2024,Alabama St.,8.966346153846153
2024,Abilene Christian,5.991341991341992
2024,Drexel,9.495391705069125
2024,Florida Atlantic,5.290441176470589
2024,Incarnate Word,5.366666666666666
2024,Holy Cross,4.7640692640692635
2024,Hawaii,2.591176470588236
2024,Loyola MD,0.9519230769230766
2024,Nicholls St.,5.68997668997669
2024,Southeast Missouri St.,7.929166666666666
2024,Houston Christian,10.064814814814815
2024,Delaware St.,9.104072398190045
2024,Boston University,2.465909090909091
2024,Charleston Vermont,0.0
2024,Louisiana Monroe,7.833333333333333
2024,Manhattan,3.4523809523809517
2024,Texas St.,6.988970588235294
2024,Georgia St.,7.221505376344086
2024,Northern Arizona,7.642857142857143
2024,Charleston Wyoming,0.0
2024,IUPUI,4.816666666666668
2024,Cal St. Northridge,2.3382352941176467
2024,Utah Tech,5.647465437788018
2024,Monmouth,6.59392789373814
2024,Charleston Coastal Carolina,0.0
2024,Lafayette,-0.3125
2024,Saint Peter's,3.6193181818181817
2024,Saint Francis,0.0
2024,Bellarmine,8.540942928039701
2024,Canisius,6.180288461538462
2024,Florida A&M,10.03448275862069
2024,Long Beach St.,1.0208333333333333
2024,Albany,6.663461538461538
2024,Detroit Mercy,0.0
2024,Eastern Washington,13.40625
2024,North Carolina A&T,3.993087557603687
2024,Princeton,2.7660098522167473
2024,St. Francis PA,5.031111111111111
2024,Marist,3.1198156682027647
2024,Detroit,-1.6449999999999996
2024,Alabama A&M,8.911904761904761
2024,Georgia Southern,8.37062937062937
2024,Southern,14.345833333333335
2024,"Gonzaga -34.4, 89-54",0.0
2024,Texas Southern,6.845833333333333
2024,"Baylor -33.1, 87-54",0.0
2024,Texas A&M Commerce,4.716666666666667
2024,Charleston Stony Brook,0.0
2024,Mississippi Valley St.,10.630952380952381
2024,Jackson St.,6.565972222222222
2024,North Carolina St.,3.487012987012987
2024,LafayetteTexas St.,0.0
2024,LafayetteSouth Alabama,0.0
2024,Charleston Hampton,0.0
2024,Charleston Campbell,0.0
2024,Charleston William & Mary,0.0
2024,Fort Wayne,-2.5
2024,Charleston Northeastern,0.0
2024,LafayetteOld Dominion,0.0
2024,LafayetteSouthern Miss,0.0
2024,LafayetteArkansas St.,0.0
2024,Charleston Monmouth,0.0
2024,Charleston Towson,0.0
2024,College of Charleston,-13.666666666666666
2025,Queens,5.872294372294373
2025,Santa Clara,1.8256578947368425
2025,San Jose St.,5.2817337461300315
2025,Samford,5.726102941176471
2025,Rhode Island,5.169779286926994
2025,Saint Joseph's,2.957575757575757
2025,SMU,0.290909090909091
2025,SIU Edwardsville,8.077651515151516
2025,Seton Hall,4.069444444444445
2025,Saint Mary's,-1.712121212121211
2025,Siena,3.5416666666666665
2025,South Dakota St.,6.5875
2025,South Carolina,7.287828947368421
2025,South Carolina St.,11.59375
2025,South Dakota,7.8484848484848495
2025,Southeastern Louisiana,4.591666666666667
2025,St. John's,0.6818181818181817
2025,Southern Illinois,2.225108225108225
2025,Southern Miss,5.065390749601276
2025,Southern Utah,8.497983870967742
2025,St. Bonaventure,3.909090909090909
2025,South Alabama,3.458333333333334
2025,Purdue Fort Wayne,9.30625
2025,North Dakota St.,3.7354166666666675
2025,Providence,3.70625
2025,St. Thomas,7.732026143790851
2025,Niagara,5.634408602150538
2025,Norfolk St.,9.234848484848484
2025,North Carolina,2.4214285714285717
2025,North Carolina A&T,4.529166666666667
2025,Northern Arizona,6.585858585858585
2025,Northern Colorado,4.852941176470589
2025,Northern Iowa,6.014802631578947
2025,Northwestern,3.8272727272727267
2025,Northwestern St.,6.2125
2025,Oakland,5.2
2025,Oklahoma,6.454545454545455
2025,Oklahoma St.,4.10625
2025,Old Dominion,3.219047619047619
2025,Oregon,3.2535885167464125
2025,Oregon St.,6.230654761904763
2025,Pacific,3.149621212121212
2025,Penn St.,6.550084889643463
2025,Pittsburgh,9.547697368421053
2025,Prairie View A&M,9.150568181818182
2025,Princeton,6.033333333333333
2025,Purdue,4.262121212121213
2025,Stanford,6.712121212121213
2025,New Mexico St.,4.575367647058824
2025,Stetson,3.4592030360531307
2025,Utah,7.588068181818182
2025,Utah Valley,10.712499999999999
2025,VCU,3.5823863636363633
2025,VMI,9.4640522875817
2025,Valparaiso,5.568627450980392
2025,Vanderbilt,5.701704545454545
2025,Villanova,5.930735930735931
2025,Virginia Tech,0.36363636363636376
2025,Wake Forest,3.34375
2025,Washington St.,3.5909090909090913
2025,Weber St.,7.631578947368421
2025,West Virginia,5.561011904761905
2025,Western Carolina,7.7666666666666675
2025,Western Kentucky,5.748355263157895
2025,William & Mary,8.452205882352942
2025,Winthrop,6.008403361344537
2025,Wisconsin,3.969696969696969
2025,Wofford,5.055555555555555
2025,Wyoming,5.578947368421053
2025,Xavier,4.393750000000001
2025,Yale,6.790476190476191
2025,UTSA,6.004032258064516
2025,UTEP,3.891774891774891
2025,UT Arlington,3.874762808349146
2025,USC,3.606060606060606
2025,Stonehill,8.875
2025,Syracuse,2.3909090909090907
2025,TCU,7.45625
2025,Temple,5.079861111111111
2025,Tennessee,6.121710526315791
2025,Tennessee St.,5.602870813397129
2025,Texas,3.7619047619047628
2025,Texas St.,5.149305555555555
2025,Troy,5.267676767676766
2025,Tulane,5.0375
2025,Stephen F. Austin,3.772177419354839
2025,Tulsa,4.696969696969697
2025,UC Irvine,1.9185606060606055
2025,UC Santa Barbara,4.4
2025,UCF,3.484848484848485
2025,UCLA,6.77827380952381
2025,UMBC,6.020220588235294
2025,UMKC,10.172248803827753
2025,UMass Lowell,11.180555555555557
2025,UNC Greensboro,6.75
2025,UNC Wilmington,3.291316526610645
2025,UNLV,3.4787878787878785
2025,UAB,3.9772727272727266
2025,New Mexico,3.0940988835725687
2025,Davidson,3.9343434343434343
2025,Nebraska Omaha,3.7705882352941176
2025,Nevada,4.44976076555024
2025,Dayton,3.375
2025,DePaul,7.2742424242424235
2025,Delaware,4.701388888888889
2025,Detroit Mercy,8.8125
2025,Drake,2.7777777777777786
2025,Drexel,2.9151515151515155
2025,Duke,5.29055258467023
2025,Duquesne,4.09375
2025,East Tennessee St.,6.78125
2025,Eastern Kentucky,5.549107142857142
2025,Florida,5.6925996204933575
2025,Florida St.,3.6875
2025,Furman,6.352941176470589
2025,George Mason,7.451388888888889
2025,George Washington,4.076555023923445
2025,Georgia,9.75
2025,Georgia Southern,4.982683982683983
2025,Georgia St.,7.975044563279857
2025,Gonzaga,5.647058823529413
2025,Grambling St.,7.382352941176471
2025,Dartmouth,12.97150997150997
2025,Grand Canyon,3.375
2025,Cornell,4.830687830687831
2025,Colorado,7.7254901960784315
2025,Abilene Christian,8.25625
2025,Air Force,2.53125
2025,Alabama,4.645833333333334
2025,Appalachian St.,5.9562211981566815
2025,Arizona,7.774621212121213
2025,Arkansas St.,6.70392156862745
2025,Army,7.590725806451613
2025,Austin Peay,10.64102564102564
2025,Belmont,0.9280303030303032
2025,Boston College,3.553763440860215
2025,Boston University,7.96875
2025,Bradley,6.345588235294118
2025,Bryant,9.958823529411763
2025,Butler,4.499108734402852
2025,Cal Baptist,3.46875
2025,California,6.976827094474153
2025,Campbell,7.8794642857142865
2025,Charlotte,3.2941176470588234
2025,Cincinnati,6.593582887700535
2025,Clemson,3.9215686274509807
2025,Coastal Carolina,5.558035714285714
2025,Colorado St.,7.4375
2025,Hampton,8.640151515151516
2025,East Carolina,2.883838383838384
2025,Hofstra,5.008658008658008
2025,Loyola MD,2.864055299539171
2025,Loyola Marymount,4.923611111111111
2025,Marquette,6.555555555555555
2025,Marshall,5.917065390749602
2025,Maryland,6.693750000000001
2025,Massachusetts,1.0125
2025,Memphis,0.5330882352941178
2025,Miami FL,4.867383512544803
2025,Michigan,3.4558823529411757
2025,Michigan St.,2.3404605263157894
2025,Middle Tennessee,3.1262626262626263
2025,Harvard,4.342592592592593
2025,Mississippi,3.8954545454545455
2025,Mississippi St.,5.078149920255183
2025,Montana,9.235294117647058
2025,Morgan St.,12.185483870967742
2025,Mount St. Mary's,3.2234848484848486
2025,Murray St.,4.178030303030303
2025,N.C. State,6.701188455008489
2025,NJIT,5.864055299539171
2025,Nebraska,6.483870967741936
2025,Loyola Chicago,6.25
2025,Louisville,-0.2503987240829346
2025,Milwaukee,6.398897058823529
2025,Louisiana Monroe,8.330882352941176
2025,Louisiana Tech,4.875
2025,Houston,3.7445887445887465
2025,Houston Christian,6.80625
2025,IU Indy,9.416666666666668
2025,Idaho,5.98051948051948
2025,Illinois,2.629934210526315
2025,Illinois Chicago,3.5625
2025,Illinois St.,3.9797979797979797
2025,Indiana St.,5.625
2025,Iowa,7.26475279106858
2025,Jacksonville,6.620535714285714
2025,"Iowa St. -35.2, 85-50",0.0
2025,James Madison,8.240808823529411
2025,Kansas,5.534290271132376
2025,Kentucky,6.766233766233766
2025,La Salle,7.196969696969697
2025,Lamar,5.4787878787878785
2025,Little Rock,4.406060606060606
2025,Long Beach St.,5.866071428571429
2025,Longwood,4.9025735294117645
2025,Louisiana,0.5007974481658692
2025,Jacksonville St.,6.5852272727272725
2025,Sacramento St.,7.0625
2025,Washington,6.070967741935484
2025,Texas Tech,1.144927536231883
2025,San Francisco,3.4242424242424248
2025,Rice,2.0
2025,Colgate,5.339393939393939
2025,Kennesaw St.,7.8969696969696965
2025,Kansas St.,3.682615629984051
2025,BYU,11.262032085561495
2025,Arizona St.,1.7455357142857144
2025,North Texas,4.4375
2025,Notre Dame,2.269537480063796
2025,Pepperdine,8.401587301587302
2025,Portland,2.166666666666667
2025,Presbyterian,9.803571428571429
2025,Richmond,5.15625
2025,Rutgers,4.373355263157895
2025,San Diego,2.64069264069264
2025,Texas Southern,10.080357142857142
2025,USC Upstate,6.4375
2025,Utah St.,4.954545454545455
2025,Virginia,2.380952380952381
2025,Wright St.,7.227272727272727
2025,New Hampshire,9.616071428571429
2025,San Diego St.,2.5166666666666666
2025,Boise St.,10.04848484848485
2025,Minnesota,2.393092105263158
2025,Arkansas,6.671717171717171
2025,Arkansas Pine Bluff,14.862903225806452
2025,Auburn,6.898617511520737
2025,Connecticut,6.871657754010695
2025,Creighton,6.303030303030303
2025,Eastern Illinois,10.016129032258064
2025,Cleveland St.,7.292929292929292
2025,Georgetown,5.55625
2025,Eastern Washington,7.196428571428571
2025,Le Moyne,8.555288461538462
2025,LSU,8.472222222222221
2025,Indiana,5.743421052631579
2025,Maine,10.84873949579832
2025,High Point,4.5588235294117645
2025,Georgia Tech,6.3106060606060606
2025,Morehead St.,5.727083333333333
2025,Northern Illinois,10.868817204301076
2025,Penn,4.383597883597883
2025,Portland St.,11.097916666666666
2025,Quinnipiac,5.345454545454546
2025,Western Michigan,2.78125
2025,Tennessee Martin,8.44848484848485
2025,Tennessee Tech,4.702083333333333
2025,The Citadel,7.584313725490196
2025,North Florida,4.639583333333333
2025,Southern Indiana,6.2
2025,Mississippi Valley St.,16.075235109717866
2025,North Alabama,8.441176470588236
2025,Alabama A&M,9.770220588235293
2025,Binghamton,8.995192307692307
2025,Cal St. Bakersfield,11.272727272727273
2025,Central Michigan,10.073732718894009
2025,Fairleigh Dickinson,12.229437229437229
2025,Lindenwood,13.324675324675324
2025,McNeese St.,3.0656565656565657
2025,Mercer,9.012121212121214
2025,Radford,9.327985739750446
2025,Texas A&M,4.386904761904763
2025,Oral Roberts,13.2
2025,Towson,2.06060606060606
2025,Texas A&M Corpus Chris,11.775541795665635
2025,Nicholls St.,5.60427807486631
2025,Denver,4.485416666666667
2025,Charleston,5.072727272727272
2025,Buffalo,3.763440860215055
2025,Bowling Green,4.613970588235294
2025,Ball St.,3.172043010752688
2025,Akron,5.946969696969697
2025,Eastern Michigan,3.294642857142857
2025,Fresno St.,6.470833333333333
2025,Florida Atlantic,3.5818181818181816
2025,Navy,2.963235294117647
2025,North Carolina Central,12.375
2025,Missouri,5.3939393939393945
2025,Incarnate Word,9.344696969696969
2025,Hawaii,4.179032258064516
2025,Green Bay,3.90625
2025,Kent St.,3.0738636363636367
2025,Ohio,8.65625
2025,New Orleans,5.083333333333334
2025,Miami OH,7.532695374800637
2025,Seattle,8.40625
2025,Utah Tech,8.556818181818182
2025,Tarleton St.,11.371323529411764
2025,UC San Diego,4.505050505050505
2025,Wagner,10.204761904761904
2025,Wichita St.,1.7121212121212122
2025,Xavier (LA),0.0
2025,Merrimack,2.4522144522144522
2025,Mercyhurst,13.615384615384615
2025,Albany,0.997835497835498
2025,Baylor,11.755793226381462
2025,Bellarmine,7.950537634408602
2025,Canisius,5.223325062034739
2025,Chicago St.,8.267741935483869
2025,Maryland Eastern Shore,15.72043010752688
2025,Coppin St.,11.621212121212121
2025,Columbia,9.837037037037037
2025,Evansville,8.1875
2025,Elon,5.356249999999999
2025,Lipscomb,4.388888888888889
2025,LIU,7.2935606060606055
2025,Robert Morris,3.693498452012383
2025,Saint Louis,6.77511961722488
2025,UT Rio Grande Valley,7.901433691756273
2025,Northeastern,1.9742647058823528
2025,American,7.4411764705882355
2025,Cal Poly,7.585714285714285
2025,Brown,7.727513227513228
2025,Montana St.,10.56969696969697
2025,Ohio St.,4.86875
2025,Missouri St.,4.684027777777778
2025,Central Connecticut,4.625
2025,Charleston Southern,8.291666666666666
2025,Iowa St.,5.382258064516131
2025,Idaho St.,8.704761904761906
2025,Howard,7.75
2025,South Florida,5.292220113851993
2025,UC Davis,4.045833333333333
2025,North Dakota,6.992424242424242
2025,Fordham,3.4313725490196076
2025,Delaware St.,13.704761904761906
2025,Manhattan,1.3666666666666667
2025,Liberty,2.4393939393939412
2025,Lafayette,6.018939393939394
2025,Iona,1.727272727272727
2025,Southeast Missouri St.,7.147950089126559
2025,Texas A&M Commerce,4.412820512820512
2025,Western Illinois,5.862903225806452
2025,Toledo,5.449197860962567
2025,Bucknell,5.933712121212121
2025,Cal St. Northridge,6.689903846153847
2025,Central Arkansas,8.84375
2025,Florida Gulf Coast,4.0625
2025,Northern Kentucky,5.404040404040404
2025,UC Riverside,7.8731060606060606
2025,Chattanooga,2.808712121212121
2025,FIU,5.878787878787879
2025,Sacred Heart,7.06951871657754
2025,Fairfield,6.879464285714286
2025,Gardner Webb,5.188172043010752
2025,Marist,1.1666666666666665
2025,Stony Brook,4.9375
2025,"Texas -39.7, 93-53",0.0
2025,Bethune Cookman,9.424242424242424
2025,Southern,14.423076923076923
2025,Alabama St.,9.424242424242424
2025,Cal St. Fullerton,6.360416666666667
2025,Vermont,6.904040404040403
2025,West Georgia,5.225806451612904
2025,Saint Francis,13.127705627705627
2025,Saint Peter's,3.452380952380952
2025,Holy Cross,6.346153846153847
2025,Lehigh,10.176923076923076
2025,Youngstown St.,2.447368421052632
2025,Sam Houston St.,7.0875
2025,P.R.-Mayaguez,0.0
2025,UNC Asheville,12.4375
2025,Florida A&M,18.276881720430108
2025,P.R.-Bayamon,0.0
2025,Florida Tech,-14.600000000000001
2025,Rider,2.4335664335664338
2025,Aquinas,0.5
2025,Monmouth,9.697916666666668
2025,Jackson St.,14.037878787878787
2025,"Iowa St. -44.0, 106-62",0.0
2025,"Florida -43.0, 101-58",0.0
2025,"Illinois -40.5, 96-55",0.0
2025,"Auburn -41.0, 101-60",0.0
2025,Alcorn St.,16.28472222222222
2025,East Texas A&M,0.0
2026,Stony Brook,0.0
2026,Saint Louis,0.0
2026,Saint Mary's,0.0
2026,Sam Houston St.,0.0
2026,San Francisco,0.0
2026,Seattle,0.0
2026,Seton Hall,0.0
2026,Siena,0.0
2026,Saint Joseph's,0.0
2026,South Dakota,0.0
2026,South Florida,0.0
2026,Southern Illinois,0.0
2026,Syracuse,0.0
2026,St. Bonaventure,0.0
2026,St. John's,0.0
2026,Stephen F. Austin,0.0
2026,Stonehill,0.0
2026,South Dakota St.,0.0
2026,SMU,0.0
2026,Oregon St.,0.0
2026,Radford,0.0
2026,Northeastern,0.0
2026,Northern Arizona,0.0
2026,Northern Colorado,0.0
2026,Northern Illinois,0.0
2026,Northern Kentucky,0.0
2026,Northwestern,0.0
2026,Ohio,0.0
2026,Ohio St.,0.0
2026,Oklahoma,0.0
2026,TCU,0.0
2026,Penn St.,0.0
2026,Pepperdine,0.0
2026,Pittsburgh,0.0
2026,Portland,0.0
2026,Prairie View A&M,0.0
2026,Presbyterian,0.0
2026,Providence,0.0
2026,Rhode Island,0.0
2026,Tennessee,0.0
2026,UC Davis,0.0
2026,Texas A&M,0.0
2026,VMI,0.0
2026,Vanderbilt,0.0
2026,Vermont,0.0
2026,Villanova,0.0
2026,Virginia,0.0
2026,Virginia Tech,0.0
2026,Wake Forest,0.0
2026,Washington,0.0
2026,VCU,0.0
2026,Washington St.,0.0
2026,Western Kentucky,0.0
2026,Western Michigan,0.0
2026,William & Mary,0.0
2026,Winthrop,0.0
2026,Wisconsin,0.0
2026,Wright St.,0.0
2026,Wyoming,0.0
2026,Xavier,0.0
2026,Weber St.,0.0
2026,Tennessee St.,0.0
2026,Utah St.,0.0
2026,UTEP,0.0
2026,Texas A&M Corpus Chris,0.0
2026,The Citadel,0.0
2026,Toledo,0.0
2026,Towson,0.0
2026,Tulane,0.0
2026,Tulsa,0.0
2026,UAB,0.0
2026,North Texas,0.0
2026,Utah,0.0
2026,UC Irvine,0.0
2026,UC San Diego,0.0
2026,UCF,0.0
2026,UCLA,0.0
2026,UMKC,0.0
2026,UMass Lowell,0.0
2026,UNC Wilmington,0.0
2026,USC,0.0
2026,UT Arlington,0.0
2026,UC Riverside,0.0
2026,North Carolina,0.0
2026,Notre Dame,0.0
2026,Nebraska Omaha,0.0
2026,Norfolk St.,0.0
2026,Chattanooga,0.0
2026,Cincinnati,0.0
2026,Clemson,0.0
2026,Colorado,0.0
2026,Colorado St.,0.0
2026,Connecticut,0.0
2026,Davidson,0.0
2026,Dayton,0.0
2026,DePaul,0.0
2026,Drexel,0.0
2026,Duquesne,0.0
2026,East Texas A&M,0.0
2026,Eastern Michigan,0.0
2026,FIU,0.0
2026,Florida,0.0
2026,Florida Atlantic,0.0
2026,Charleston,0.0
2026,Central Michigan,0.0
2026,Central Connecticut,0.0
2026,California,0.0
2026,Abilene Christian,0.0
2026,Akron,0.0
2026,Alabama,0.0
2026,Alabama A&M,0.0
2026,Arkansas,0.0
2026,Army,0.0
2026,Auburn,0.0
2026,Austin Peay,0.0
2026,Florida Gulf Coast,0.0
2026,Ball St.,0.0
2026,Belmont,0.0
2026,Boise St.,0.0
2026,Bowling Green,0.0
2026,Bucknell,0.0
2026,Buffalo,0.0
2026,Cal Baptist,0.0
2026,Cal St. Fullerton,0.0
2026,Cal St. Northridge,0.0
2026,Baylor,0.0
2026,Fresno St.,0.0
2026,Charlotte,0.0
2026,George Washington,0.0
2026,Loyola Chicago,0.0
2026,Loyola Marymount,0.0
2026,Marquette,0.0
2026,Maryland,0.0
2026,Massachusetts,0.0
2026,McNeese St.,0.0
2026,Miami FL,0.0
2026,Miami OH,0.0
2026,Michigan,0.0
2026,Michigan St.,0.0
2026,Milwaukee,0.0
2026,Minnesota,0.0
2026,Mississippi,0.0
2026,Montana,0.0
2026,Morehead St.,0.0
2026,George Mason,0.0
2026,Nebraska,0.0
2026,Louisville,0.0
2026,Longwood,0.0
2026,N.C. State,0.0
2026,Le Moyne,0.0
2026,Liberty,0.0
2026,Georgia,0.0
2026,Georgia Tech,0.0
2026,Gonzaga,0.0
2026,Grambling St.,0.0
2026,Grand Canyon,0.0
2026,High Point,0.0
2026,Houston,0.0
2026,Houston Christian,0.0
2026,Georgetown,0.0
2026,Illinois,0.0
2026,Illinois Chicago,0.0
2026,Iowa St.,0.0
2026,Jacksonville St.,0.0
2026,Kansas,0.0
2026,Kennesaw St.,0.0
2026,Kent St.,0.0
2026,Howard,0.0
2026,Lamar,0.0
2026,Sacramento St.,0.0
2026,Sacred Heart,0.0
2026,San Diego,0.0
2026,San Diego St.,0.0
2026,Santa Clara,0.0
2026,South Carolina,0.0
2026,Stanford,0.0
2026,UMBC,0.0
2026,Texas Tech,0.0
2026,UC Santa Barbara,0.0
2026,UNLV,0.0
2026,Utah Valley,0.0
2026,Valparaiso,0.0
2026,West Virginia,0.0
2026,SIU Edwardsville,0.0
2026,Texas,0.0
2026,Rice,0.0
2026,Kentucky,0.0
2026,Oregon,0.0
2026,Wichita St.,0.0
2026,Arizona St.,0.0
2026,East Carolina,0.0
2026,East Tennessee St.,0.0
2026,Florida St.,0.0
2026,Fordham,0.0
2026,Idaho St.,0.0
2026,Purdue,0.0
2026,Iowa,0.0
2026,Little Rock,0.0
2026,Manhattan,0.0
2026,Missouri St.,0.0
2026,Monmouth,0.0
2026,Nevada,0.0
2026,New Mexico St.,0.0
2026,Oklahoma St.,0.0
2026,Kansas St.,0.0
2026,Middle Tennessee,0.0
